,optimizers,Predicitons
0,<keras.optimizers.RMSprop object at 0x7fb8b6e435d0>,"[[107.32697 ]
 [116.884445]
 [121.674576]
 [118.98868 ]
 [115.42276 ]
 [101.9644  ]
 [ 92.049126]
 [ 86.10608 ]
 [ 85.36418 ]
 [ 85.211174]
 [ 86.352066]
 [ 89.43974 ]
 [ 91.44301 ]
 [ 94.93548 ]
 [ 96.21903 ]
 [ 95.72663 ]
 [ 94.82843 ]
 [ 97.18811 ]
 [ 98.43184 ]
 [100.408035]
 [100.78518 ]
 [101.295815]
 [102.29234 ]
 [105.003876]
 [106.95331 ]
 [109.62877 ]
 [111.45545 ]
 [111.274124]
 [111.315414]
 [108.843124]
 [107.02137 ]
 [109.3334  ]
 [108.48388 ]
 [105.78245 ]
 [103.37133 ]
 [101.06972 ]
 [ 98.959724]
 [ 98.17985 ]
 [ 96.34993 ]
 [ 95.312294]
 [ 95.369095]
 [ 95.308205]
 [ 96.909744]
 [ 96.55149 ]
 [ 97.95528 ]
 [ 99.46382 ]
 [ 99.91065 ]
 [101.668106]
 [103.47378 ]
 [105.29263 ]
 [104.90867 ]
 [104.65061 ]
 [103.19768 ]
 [105.54696 ]
 [104.078705]
 [101.029976]
 [ 98.405624]
 [ 96.31648 ]
 [ 95.02414 ]
 [ 95.558334]
 [ 94.816605]
 [ 95.82319 ]
 [ 97.0519  ]
 [ 99.449326]
 [101.18214 ]
 [100.91587 ]
 [ 98.393875]
 [ 94.174416]
 [ 90.05551 ]
 [ 86.80303 ]
 [ 87.640594]
 [ 90.685295]
 [ 94.96206 ]
 [102.2048  ]
 [107.478935]
 [115.7046  ]
 [113.58949 ]
 [112.10021 ]
 [105.62593 ]
 [ 98.94843 ]
 [ 95.75367 ]
 [ 91.9495  ]
 [ 88.4445  ]
 [ 88.99116 ]
 [ 87.80338 ]
 [ 90.8297  ]
 [ 88.74197 ]
 [ 90.102005]
 [ 90.37311 ]
 [ 91.100235]
 [ 91.75038 ]
 [ 94.67377 ]
 [ 98.34548 ]
 [101.2154  ]
 [101.119774]
 [ 99.08797 ]
 [100.802704]
 [ 98.13222 ]
 [ 95.858315]
 [ 96.498825]
 [ 98.72409 ]
 [ 98.91556 ]
 [ 96.70037 ]
 [ 92.51871 ]
 [ 88.89532 ]
 [ 88.46088 ]
 [ 89.02064 ]
 [ 89.69706 ]
 [ 90.87641 ]
 [ 94.00309 ]
 [ 98.8175  ]
 [101.01637 ]
 [104.77687 ]
 [109.30687 ]
 [110.43916 ]
 [107.72855 ]
 [106.44419 ]
 [104.55227 ]
 [104.905975]
 [109.04657 ]
 [114.34908 ]
 [116.65906 ]
 [116.14011 ]
 [111.75925 ]
 [107.698044]
 [105.054375]
 [ 99.84122 ]
 [ 96.55116 ]
 [ 94.934784]
 [ 91.93084 ]
 [ 90.25598 ]
 [ 89.46428 ]
 [ 89.04653 ]
 [ 90.82444 ]
 [ 91.258026]
 [ 91.85351 ]
 [ 89.9102  ]
 [ 89.62794 ]
 [ 92.401924]
 [ 94.42955 ]
 [ 99.01993 ]
 [102.75841 ]
 [104.84356 ]
 [107.02801 ]
 [107.78221 ]
 [110.40103 ]
 [111.98028 ]
 [109.43062 ]
 [108.35083 ]
 [107.37059 ]
 [103.30867 ]
 [101.12956 ]
 [ 97.66468 ]
 [ 96.869194]
 [ 95.52342 ]
 [ 95.59815 ]
 [ 95.91892 ]
 [ 96.770226]
 [ 98.69356 ]
 [ 99.537796]
 [100.11155 ]
 [100.03304 ]
 [100.384476]
 [ 97.71658 ]
 [ 95.04686 ]
 [ 93.635216]
 [ 95.52683 ]
 [ 98.19214 ]
 [102.423035]
 [103.811646]
 [106.120056]
 [106.43294 ]
 [105.99994 ]
 [104.997154]
 [102.16735 ]
 [100.82892 ]
 [ 98.64745 ]
 [ 96.52301 ]
 [ 94.397934]
 [ 91.55122 ]
 [ 89.36452 ]
 [ 89.50515 ]
 [ 90.299286]
 [ 90.26746 ]
 [ 89.02489 ]
 [ 90.45141 ]
 [ 93.737755]
 [ 95.52871 ]
 [100.450035]
 [103.77416 ]
 [103.61349 ]
 [102.99834 ]
 [103.30357 ]
 [105.87665 ]
 [105.368904]
 [100.766594]
 [100.96363 ]
 [101.0862  ]
 [100.508896]
 [ 99.66842 ]
 [ 98.35202 ]
 [ 97.40454 ]
 [ 96.143684]
 [ 95.151764]
 [ 95.35112 ]
 [ 97.50006 ]
 [100.34749 ]
 [102.707504]
 [102.87798 ]
 [102.30627 ]
 [101.230255]
 [ 98.09943 ]
 [ 96.00816 ]
 [ 95.04359 ]
 [ 96.78285 ]
 [ 99.21239 ]
 [100.70681 ]
 [104.488495]
 [105.69747 ]
 [104.62896 ]
 [103.78836 ]
 [101.064384]
 [ 99.235535]
 [ 97.475395]
 [ 96.21139 ]
 [ 93.17537 ]
 [ 90.24282 ]
 [ 88.76524 ]
 [ 86.54236 ]
 [ 84.97645 ]
 [ 84.175095]
 [ 83.50694 ]
 [ 83.38337 ]
 [ 82.98787 ]
 [ 84.765205]
 [ 88.37587 ]
 [ 93.234406]
 [ 96.639915]
 [ 99.20672 ]
 [100.22223 ]
 [103.12149 ]
 [105.1194  ]
 [107.04164 ]
 [105.65149 ]
 [105.93738 ]
 [104.45852 ]
 [103.16752 ]
 [100.99813 ]
 [ 96.966866]
 [ 96.43472 ]
 [ 96.62653 ]
 [ 97.15382 ]
 [ 96.89813 ]
 [ 96.12559 ]
 [ 98.4304  ]
 [ 98.51533 ]
 [100.305176]
 [ 99.39244 ]
 [ 98.52146 ]
 [ 94.886475]
 [ 90.32792 ]
 [ 85.84392 ]
 [ 85.46577 ]
 [ 86.278984]
 [ 88.90444 ]
 [ 92.359085]
 [ 95.74128 ]
 [ 97.67914 ]
 [ 98.89726 ]
 [ 98.58825 ]
 [ 98.063416]
 [ 97.59406 ]
 [ 99.84487 ]
 [100.126686]
 [ 98.71174 ]
 [ 98.18785 ]
 [ 97.17774 ]
 [ 95.935104]
 [ 95.013565]
 [ 91.20611 ]
 [ 89.52543 ]
 [ 88.66481 ]
 [ 88.81567 ]
 [ 90.07606 ]
 [ 91.04155 ]
 [ 93.6381  ]
 [ 96.06981 ]
 [ 99.0423  ]
 [103.09155 ]
 [110.28012 ]
 [109.945595]
 [106.91597 ]
 [105.08716 ]
 [104.68719 ]
 [103.5018  ]
 [100.97853 ]
 [ 96.96266 ]
 [ 95.29786 ]
 [ 94.82378 ]
 [ 96.34982 ]
 [ 95.96542 ]
 [ 96.31276 ]
 [ 97.401   ]
 [ 98.65802 ]
 [ 98.95668 ]
 [100.03148 ]
 [ 99.21085 ]
 [ 98.05041 ]
 [ 98.037994]
 [ 95.36309 ]
 [ 93.16873 ]
 [ 90.3975  ]
 [ 89.918205]
 [ 92.21579 ]
 [ 94.249626]
 [ 95.88068 ]
 [ 96.86809 ]
 [ 97.239296]
 [ 97.03363 ]
 [ 93.67521 ]
 [ 93.01328 ]
 [ 91.90816 ]
 [ 91.186005]
 [ 90.30328 ]
 [ 89.43158 ]
 [ 89.60488 ]
 [ 89.138824]
 [ 88.15079 ]
 [ 87.07282 ]
 [ 86.2322  ]
 [ 85.89355 ]
 [ 87.909904]
 [ 89.85836 ]
 [ 93.73697 ]
 [ 96.08544 ]
 [ 99.07784 ]
 [101.214066]
 [106.00955 ]
 [110.39271 ]
 [108.17052 ]
 [106.42027 ]
 [105.06331 ]
 [102.43421 ]
 [ 99.75164 ]
 [ 96.67525 ]
 [ 96.83034 ]
 [ 97.25405 ]
 [ 99.26781 ]
 [ 98.64336 ]
 [100.47591 ]
 [100.97733 ]
 [102.79179 ]
 [105.708046]
 [106.077736]
 [105.36217 ]
 [103.89353 ]
 [ 99.98988 ]
 [ 97.36141 ]
 [ 96.34915 ]
 [ 94.296135]
 [ 93.35943 ]
 [ 93.51169 ]
 [ 93.40382 ]
 [ 94.58097 ]
 [ 94.166466]
 [ 94.99307 ]
 [ 96.17703 ]
 [ 96.4629  ]
 [ 96.18493 ]
 [ 96.89271 ]
 [ 97.045494]
 [ 97.545815]
 [ 96.941696]
 [ 97.55386 ]
 [ 95.97027 ]
 [ 92.91407 ]
 [ 94.5757  ]
 [ 95.43902 ]
 [ 96.18824 ]
 [ 96.689064]
 [ 96.30807 ]
 [ 97.91925 ]
 [ 97.91596 ]
 [101.79886 ]
 [106.632904]
 [110.462654]
 [108.80137 ]
 [102.019295]
 [101.73346 ]
 [101.49967 ]
 [ 98.948784]
 [ 97.95761 ]
 [ 95.88563 ]
 [ 95.81034 ]
 [ 97.783005]
 [101.35744 ]
 [ 97.95416 ]
 [ 98.31096 ]
 [100.2782  ]
 [101.751396]
 [101.004036]
 [ 97.64345 ]
 [ 95.856186]
 [ 93.458374]
 [ 91.38401 ]
 [ 88.64603 ]
 [ 86.696434]
 [ 91.91739 ]
 [ 95.8328  ]
 [ 99.244514]
 [104.78143 ]
 [108.50766 ]
 [111.65488 ]
 [109.47456 ]
 [106.37615 ]
 [101.84496 ]
 [ 99.89265 ]
 [ 98.61963 ]
 [ 97.93456 ]
 [ 98.195206]
 [ 97.425964]
 [ 96.53875 ]
 [ 94.08907 ]
 [ 91.76283 ]
 [ 90.68935 ]
 [ 88.54101 ]
 [ 88.808304]
 [ 93.14941 ]
 [ 94.69711 ]
 [ 97.87968 ]
 [101.757744]
 [103.622665]
 [105.028175]
 [107.87012 ]
 [111.39652 ]
 [106.643074]
 [102.91924 ]
 [101.561356]
 [101.2352  ]
 [100.30564 ]
 [ 98.078705]
 [ 97.87811 ]
 [ 97.79325 ]
 [ 99.06777 ]
 [ 98.75655 ]
 [ 99.689606]
 [100.217094]
 [100.59283 ]
 [100.10689 ]
 [ 99.40431 ]
 [ 98.661156]
 [ 98.18036 ]
 [ 97.01214 ]
 [ 95.82326 ]
 [ 95.196625]
 [ 93.461296]
 [ 91.801056]
 [ 90.032265]
 [ 89.70277 ]
 [ 90.03657 ]
 [ 91.06189 ]
 [ 92.074905]
 [ 92.57828 ]
 [ 92.250496]
 [ 92.27549 ]
 [ 93.381584]
 [ 93.46213 ]
 [ 95.46412 ]
 [ 96.87087 ]
 [ 99.116035]
 [100.84936 ]
 [ 99.51679 ]
 [101.46504 ]
 [102.814255]
 [101.69799 ]
 [ 98.675766]
 [ 97.69391 ]
 [ 97.35368 ]
 [ 98.25986 ]
 [ 98.36219 ]
 [ 99.03052 ]
 [ 99.590866]
 [ 98.28718 ]
 [ 94.16411 ]
 [ 94.89386 ]
 [ 95.626495]
 [ 96.81846 ]
 [ 96.75868 ]
 [ 96.32278 ]
 [ 96.534134]
 [ 96.66903 ]
 [ 97.34784 ]
 [ 98.03329 ]
 [ 99.40101 ]
 [ 99.47928 ]
 [ 99.13475 ]
 [ 99.32928 ]
 [ 99.04575 ]
 [ 98.51687 ]
 [ 97.77407 ]
 [ 97.42829 ]
 [ 95.73535 ]
 [ 94.730705]
 [ 94.05358 ]
 [ 91.94153 ]
 [ 92.66157 ]
 [ 93.308685]
 [ 94.48103 ]
 [ 93.97396 ]
 [ 93.92549 ]
 [ 93.76409 ]
 [ 94.12157 ]
 [ 94.91275 ]
 [ 95.898224]
 [ 95.68494 ]
 [ 94.79518 ]
 [ 93.75796 ]
 [ 92.50862 ]
 [ 90.83066 ]
 [ 90.48251 ]
 [ 91.00573 ]
 [ 91.18717 ]
 [ 91.97693 ]
 [ 91.31349 ]
 [ 90.52336 ]
 [ 90.858185]
 [ 92.1494  ]
 [ 95.24286 ]
 [ 99.37893 ]
 [100.56193 ]
 [101.683716]
 [100.19278 ]
 [ 99.323555]
 [ 99.29437 ]
 [ 99.68795 ]
 [100.051445]
 [ 99.38639 ]
 [ 97.50517 ]
 [ 95.73255 ]
 [ 94.857895]
 [ 94.32131 ]
 [ 94.78492 ]
 [ 94.44313 ]
 [ 93.292625]
 [ 94.16572 ]
 [ 96.11641 ]
 [ 96.67147 ]
 [ 94.998436]
 [ 92.95588 ]
 [ 87.63454 ]
 [ 85.452156]
 [ 85.156105]
 [ 87.48664 ]
 [ 90.154755]
 [ 91.380684]
 [ 92.61417 ]
 [ 92.2499  ]
 [ 94.30524 ]
 [ 94.70411 ]
 [ 94.75888 ]
 [ 91.80651 ]
 [ 91.50446 ]
 [ 91.79663 ]
 [ 92.219406]
 [ 92.149635]
 [ 90.88844 ]
 [ 90.1957  ]
 [ 88.63571 ]
 [ 88.946686]
 [ 89.45409 ]
 [ 91.6245  ]
 [ 94.13065 ]
 [ 94.896255]
 [ 99.05797 ]
 [102.326004]
 [104.90953 ]
 [105.98195 ]
 [106.15979 ]
 [105.41407 ]
 [105.24061 ]
 [106.61998 ]
 [105.70797 ]
 [104.35958 ]
 [105.15408 ]
 [101.38568 ]
 [ 97.276024]
 [ 93.769516]
 [ 91.189354]
 [ 90.158485]
 [ 90.29624 ]
 [ 90.219696]
 [ 93.147675]
 [ 94.56357 ]
 [ 94.099304]
 [ 92.68794 ]
 [ 89.75132 ]
 [ 85.54332 ]
 [ 81.31507 ]
 [ 80.17559 ]
 [ 82.58746 ]
 [ 84.479904]
 [ 85.79802 ]
 [ 87.54405 ]
 [ 90.18957 ]
 [ 91.00654 ]
 [ 91.45181 ]
 [ 90.294044]
 [ 93.36097 ]
 [ 92.0107  ]
 [ 91.841446]
 [ 92.11974 ]
 [ 91.10356 ]
 [ 91.72462 ]
 [ 90.96137 ]
 [ 90.56617 ]
 [ 89.573875]
 [ 89.469345]
 [ 90.72539 ]
 [ 95.11894 ]
 [ 97.747665]
 [ 98.27736 ]
 [ 99.81539 ]
 [ 99.85765 ]
 [100.508865]
 [101.48385 ]
 [104.193115]
 [110.49063 ]
 [113.15228 ]
 [114.29416 ]
 [106.95023 ]
 [100.22858 ]
 [ 97.66049 ]
 [ 95.096985]
 [ 93.01124 ]
 [ 90.47257 ]
 [ 89.97943 ]
 [ 90.84369 ]
 [ 94.26011 ]
 [ 96.03473 ]
 [ 95.84317 ]
 [ 96.67176 ]
 [ 96.768524]
 [ 96.8044  ]
 [ 96.77057 ]
 [ 97.10167 ]
 [ 96.41513 ]
 [ 95.686424]
 [ 95.329285]
 [ 95.216736]
 [ 96.81038 ]
 [ 99.19541 ]
 [102.977516]
 [105.377396]
 [105.92985 ]
 [107.430664]
 [108.47528 ]
 [108.03855 ]
 [107.27154 ]
 [104.66319 ]
 [102.84586 ]
 [100.817825]
 [ 99.776474]
 [ 98.76127 ]
 [ 97.4081  ]
 [ 96.164055]
 [ 95.769   ]
 [ 96.956345]
 [ 99.90777 ]
 [101.700066]
 [102.98377 ]
 [105.348076]
 [106.49443 ]
 [106.280754]
 [106.32103 ]
 [105.97537 ]
 [104.57457 ]
 [106.194244]
 [110.337654]
 [112.76326 ]
 [113.305084]
 [108.574036]
 [102.037445]
 [100.79526 ]
 [102.03579 ]
 [101.83301 ]
 [104.021774]
 [106.16921 ]
 [107.588715]
 [111.02318 ]
 [113.548874]
 [113.37419 ]
 [113.3154  ]
 [114.977196]
 [116.54098 ]
 [118.55658 ]
 [117.6374  ]
 [116.6151  ]
 [116.161255]
 [115.96383 ]
 [118.28394 ]
 [122.24818 ]
 [122.741234]
 [122.43027 ]
 [119.231804]
 [116.3848  ]
 [112.24145 ]
 [107.48984 ]
 [102.00528 ]
 [ 97.94381 ]
 [ 95.37396 ]
 [ 92.612785]
 [ 91.61057 ]
 [ 90.199295]
 [ 89.49294 ]
 [ 90.97779 ]
 [ 92.96897 ]
 [ 93.647896]
 [ 95.914444]
 [ 98.16889 ]
 [102.09026 ]
 [105.090065]
 [108.00248 ]
 [109.30101 ]
 [107.50587 ]
 [106.849884]
 [107.36512 ]
 [105.24633 ]
 [106.30193 ]
 [103.679054]
 [101.68138 ]
 [101.663345]
 [100.91438 ]
 [103.49079 ]
 [107.0917  ]
 [110.65574 ]
 [113.01774 ]
 [114.1679  ]
 [116.90486 ]
 [118.22725 ]
 [117.883644]
 [116.13203 ]
 [112.64111 ]
 [108.67081 ]
 [106.51318 ]
 [106.63081 ]
 [106.50076 ]
 [104.17988 ]
 [102.358826]
 [ 99.78649 ]
 [ 97.464226]
 [ 95.43778 ]
 [ 96.87362 ]
 [ 94.85328 ]
 [ 92.53245 ]
 [ 92.45289 ]
 [ 90.3561  ]
 [ 91.378334]
 [ 92.11847 ]
 [ 92.4697  ]
 [ 93.94897 ]
 [ 93.2504  ]
 [ 91.049995]
 [ 90.71898 ]
 [ 94.32768 ]
 [ 96.01839 ]
 [ 96.14913 ]
 [ 98.5822  ]
 [100.73357 ]]"
1,<keras.optimizers.Adam object at 0x7fb8b6eab3d0>,"[[147.8897  ]
 [148.00484 ]
 [144.74065 ]
 [138.48302 ]
 [124.72764 ]
 [110.2888  ]
 [ 99.39814 ]
 [ 94.9122  ]
 [ 90.734604]
 [ 91.27848 ]
 [ 92.764656]
 [ 95.32887 ]
 [ 96.89802 ]
 [ 95.38674 ]
 [ 94.68815 ]
 [ 94.20427 ]
 [ 94.43356 ]
 [ 97.347725]
 [ 98.15903 ]
 [ 99.93504 ]
 [ 97.83563 ]
 [101.43789 ]
 [103.02519 ]
 [107.53953 ]
 [108.53069 ]
 [111.33152 ]
 [112.90721 ]
 [110.222694]
 [109.90434 ]
 [110.911934]
 [110.30263 ]
 [113.58896 ]
 [114.85483 ]
 [112.35105 ]
 [110.45717 ]
 [109.72901 ]
 [109.95495 ]
 [111.16009 ]
 [111.00351 ]
 [109.10172 ]
 [104.578735]
 [100.72762 ]
 [100.69303 ]
 [ 99.31193 ]
 [104.91751 ]
 [111.1167  ]
 [114.6259  ]
 [118.245735]
 [122.78443 ]
 [120.93955 ]
 [120.924194]
 [121.05135 ]
 [121.207886]
 [118.57617 ]
 [108.61969 ]
 [101.97019 ]
 [ 98.71495 ]
 [ 95.83468 ]
 [ 91.37185 ]
 [ 88.08188 ]
 [ 81.03934 ]
 [ 81.14403 ]
 [ 81.66419 ]
 [ 85.28758 ]
 [ 85.44568 ]
 [ 84.80288 ]
 [ 83.897644]
 [ 84.65891 ]
 [ 82.455574]
 [ 82.316536]
 [ 81.88117 ]
 [ 86.01118 ]
 [ 90.0896  ]
 [ 95.11159 ]
 [ 99.87137 ]
 [104.87741 ]
 [105.752304]
 [107.527275]
 [106.66196 ]
 [103.549164]
 [102.27702 ]
 [ 96.23793 ]
 [ 93.79053 ]
 [ 94.29081 ]
 [ 93.59149 ]
 [101.47335 ]
 [101.68177 ]
 [104.555   ]
 [105.26483 ]
 [110.82649 ]
 [114.7367  ]
 [120.93532 ]
 [124.81521 ]
 [125.93564 ]
 [124.97801 ]
 [117.32192 ]
 [115.225464]
 [112.2826  ]
 [107.77541 ]
 [105.37914 ]
 [104.00287 ]
 [ 95.531166]
 [ 91.506485]
 [ 89.2349  ]
 [ 83.68036 ]
 [ 81.63774 ]
 [ 84.06364 ]
 [ 85.51338 ]
 [ 89.452065]
 [ 94.23928 ]
 [ 96.62644 ]
 [ 99.002266]
 [100.631836]
 [104.1226  ]
 [105.91952 ]
 [104.9862  ]
 [104.70255 ]
 [104.73837 ]
 [102.16345 ]
 [100.28979 ]
 [106.80749 ]
 [108.44249 ]
 [106.51072 ]
 [ 99.726074]
 [ 95.69382 ]
 [ 94.98909 ]
 [ 96.08578 ]
 [ 96.16749 ]
 [ 96.65052 ]
 [ 90.21159 ]
 [ 88.43622 ]
 [ 83.468895]
 [ 83.32008 ]
 [ 92.0374  ]
 [ 95.1508  ]
 [ 97.44914 ]
 [ 87.49402 ]
 [ 93.673744]
 [ 96.6486  ]
 [101.18357 ]
 [105.565704]
 [115.98368 ]
 [120.6571  ]
 [123.69606 ]
 [130.84636 ]
 [133.91415 ]
 [131.8477  ]
 [127.22647 ]
 [119.04057 ]
 [109.95942 ]
 [105.33763 ]
 [100.61181 ]
 [ 96.86262 ]
 [ 92.72231 ]
 [ 89.95197 ]
 [ 89.0203  ]
 [ 88.17699 ]
 [ 90.47625 ]
 [ 92.05658 ]
 [ 95.37092 ]
 [ 97.39172 ]
 [ 97.88076 ]
 [ 98.40375 ]
 [ 97.955055]
 [ 95.19468 ]
 [ 94.306725]
 [ 95.28139 ]
 [ 92.10904 ]
 [ 92.269585]
 [ 97.3829  ]
 [103.481415]
 [108.92693 ]
 [112.18655 ]
 [114.02264 ]
 [113.382   ]
 [111.320694]
 [107.0927  ]
 [ 99.778534]
 [ 95.406105]
 [ 90.55783 ]
 [ 89.314   ]
 [ 92.4939  ]
 [ 93.17114 ]
 [ 93.12964 ]
 [ 92.11572 ]
 [ 94.81362 ]
 [ 98.28991 ]
 [100.83338 ]
 [106.2059  ]
 [115.14397 ]
 [117.21265 ]
 [114.07742 ]
 [117.39505 ]
 [122.32883 ]
 [122.5981  ]
 [120.81065 ]
 [115.20875 ]
 [110.229836]
 [106.11731 ]
 [103.8491  ]
 [ 99.97572 ]
 [ 95.87634 ]
 [ 93.679726]
 [ 94.67053 ]
 [ 96.51925 ]
 [ 98.542984]
 [ 99.05058 ]
 [ 98.42133 ]
 [ 98.93778 ]
 [ 99.336716]
 [ 99.579834]
 [ 99.21024 ]
 [ 99.25548 ]
 [ 99.721115]
 [ 99.32293 ]
 [ 97.95049 ]
 [100.15811 ]
 [103.070854]
 [106.20115 ]
 [107.781906]
 [108.912   ]
 [108.96054 ]
 [109.57381 ]
 [109.562325]
 [106.76924 ]
 [ 98.528336]
 [ 93.57411 ]
 [ 89.093124]
 [ 85.5563  ]
 [ 84.694496]
 [ 86.112465]
 [ 86.193   ]
 [ 84.086494]
 [ 84.298615]
 [ 86.696365]
 [ 94.97627 ]
 [101.27271 ]
 [105.53044 ]
 [110.77736 ]
 [111.681305]
 [122.89218 ]
 [129.30952 ]
 [133.1758  ]
 [131.36319 ]
 [121.8644  ]
 [113.74403 ]
 [105.291855]
 [102.21579 ]
 [100.03484 ]
 [ 97.54951 ]
 [ 94.251335]
 [ 92.97384 ]
 [ 89.492516]
 [ 92.34431 ]
 [ 94.22697 ]
 [ 94.41905 ]
 [ 94.8495  ]
 [ 93.54638 ]
 [ 94.04141 ]
 [ 93.5952  ]
 [ 93.86749 ]
 [ 93.38954 ]
 [ 93.61268 ]
 [ 91.846115]
 [ 95.09925 ]
 [ 97.69924 ]
 [100.20437 ]
 [103.12112 ]
 [103.69304 ]
 [102.398   ]
 [102.05946 ]
 [102.21523 ]
 [109.90969 ]
 [113.98161 ]
 [111.73639 ]
 [104.28433 ]
 [ 99.30979 ]
 [ 90.92702 ]
 [ 91.18987 ]
 [ 89.34864 ]
 [ 86.58231 ]
 [ 87.02667 ]
 [ 89.74072 ]
 [ 92.78327 ]
 [ 96.15906 ]
 [105.900314]
 [110.65516 ]
 [112.66067 ]
 [115.43204 ]
 [114.88209 ]
 [113.505455]
 [114.75089 ]
 [112.5598  ]
 [111.75771 ]
 [107.8791  ]
 [102.0871  ]
 [ 97.26793 ]
 [ 95.17803 ]
 [ 93.58441 ]
 [ 90.84885 ]
 [ 91.394005]
 [ 94.06489 ]
 [ 96.76552 ]
 [ 98.554886]
 [102.64295 ]
 [102.40075 ]
 [101.4035  ]
 [100.38051 ]
 [100.299774]
 [ 99.55576 ]
 [ 96.44271 ]
 [ 98.93129 ]
 [100.64968 ]
 [102.69666 ]
 [103.102806]
 [103.76787 ]
 [103.072174]
 [103.14632 ]
 [102.52771 ]
 [ 99.38941 ]
 [ 95.76541 ]
 [ 93.26623 ]
 [ 92.465225]
 [ 88.63571 ]
 [ 86.70792 ]
 [ 85.94477 ]
 [ 85.662674]
 [ 87.53727 ]
 [ 86.906364]
 [ 88.4559  ]
 [ 92.87091 ]
 [ 99.00051 ]
 [101.67879 ]
 [106.08271 ]
 [106.65431 ]
 [107.7189  ]
 [108.94167 ]
 [112.73859 ]
 [113.05484 ]
 [109.87107 ]
 [104.85508 ]
 [101.19186 ]
 [ 98.11385 ]
 [ 95.95837 ]
 [ 93.91605 ]
 [ 92.271355]
 [ 92.04868 ]
 [ 91.94989 ]
 [ 93.83646 ]
 [ 98.32971 ]
 [100.91669 ]
 [101.21763 ]
 [102.13657 ]
 [101.744484]
 [101.28789 ]
 [101.03325 ]
 [ 96.93038 ]
 [ 94.02209 ]
 [ 92.35247 ]
 [ 92.57197 ]
 [ 93.61458 ]
 [ 97.5917  ]
 [ 98.173836]
 [ 94.931404]
 [ 90.288155]
 [ 93.30151 ]
 [ 94.654274]
 [ 96.519226]
 [ 96.67844 ]
 [ 94.6542  ]
 [ 95.50137 ]
 [ 95.094826]
 [ 94.90962 ]
 [ 93.53687 ]
 [ 88.628815]
 [ 86.0434  ]
 [ 85.89466 ]
 [ 82.43688 ]
 [ 80.32728 ]
 [ 81.60864 ]
 [ 80.89293 ]
 [ 90.47282 ]
 [ 93.49107 ]
 [ 97.44045 ]
 [101.476234]
 [ 97.89466 ]
 [ 93.46861 ]
 [ 94.738815]
 [ 93.2703  ]
 [ 92.52688 ]
 [ 88.00745 ]
 [ 87.427864]
 [ 87.30918 ]
 [ 88.84402 ]
 [ 89.17179 ]
 [ 88.6266  ]
 [ 86.97601 ]
 [ 89.316216]
 [ 89.91844 ]
 [ 92.05404 ]
 [ 88.83226 ]
 [ 87.68387 ]
 [ 89.55266 ]
 [ 90.73576 ]
 [ 85.11901 ]
 [ 83.988266]
 [ 87.23004 ]
 [ 93.6676  ]
 [ 94.94694 ]
 [ 99.093   ]
 [104.27731 ]
 [108.635345]
 [109.26102 ]
 [110.228264]
 [112.219604]
 [113.94728 ]
 [114.313614]
 [110.968   ]
 [110.739525]
 [108.83166 ]
 [105.8578  ]
 [104.24633 ]
 [102.75724 ]
 [100.01064 ]
 [ 96.55832 ]
 [ 95.054436]
 [ 91.232414]
 [ 94.84737 ]
 [ 96.756424]
 [101.89298 ]
 [109.2215  ]
 [114.05129 ]
 [117.286835]
 [115.01278 ]
 [113.88766 ]
 [110.95984 ]
 [109.48033 ]
 [107.14711 ]
 [103.04581 ]
 [100.23528 ]
 [100.403656]
 [102.397736]
 [102.29643 ]
 [100.303566]
 [ 97.86667 ]
 [ 95.31185 ]
 [ 94.436844]
 [ 92.38081 ]
 [ 91.029785]
 [ 87.06917 ]
 [ 82.96533 ]
 [ 81.33209 ]
 [ 77.98663 ]
 [ 75.61268 ]
 [ 74.96744 ]
 [ 73.65804 ]
 [ 74.49668 ]
 [ 78.06879 ]
 [ 81.70899 ]
 [ 85.49523 ]
 [ 87.47737 ]
 [ 90.83426 ]
 [ 92.784515]
 [ 94.892586]
 [ 96.88532 ]
 [ 97.93847 ]
 [ 99.47524 ]
 [103.89247 ]
 [106.74897 ]
 [110.38942 ]
 [111.25254 ]
 [111.26196 ]
 [113.85222 ]
 [114.50326 ]
 [114.10202 ]
 [113.283745]
 [110.97343 ]
 [110.46083 ]
 [105.17176 ]
 [ 99.88885 ]
 [ 96.78472 ]
 [ 95.92326 ]
 [ 97.65818 ]
 [ 98.51033 ]
 [ 96.297325]
 [ 95.47126 ]
 [ 94.50768 ]
 [ 93.153824]
 [ 93.99395 ]
 [ 91.681625]
 [ 90.78408 ]
 [ 94.45542 ]
 [ 97.95373 ]
 [ 97.24382 ]
 [ 97.174065]
 [ 99.64272 ]
 [ 98.696304]
 [ 96.9349  ]
 [ 96.949425]
 [ 97.47493 ]
 [ 96.46941 ]
 [ 96.4979  ]
 [ 96.48384 ]
 [ 96.399086]
 [ 97.330055]
 [ 98.14214 ]
 [ 98.25869 ]
 [ 99.162094]
 [ 98.95317 ]
 [ 98.83442 ]
 [100.92028 ]
 [103.736336]
 [105.00024 ]
 [105.04299 ]
 [105.404366]
 [104.086174]
 [103.44507 ]
 [103.55437 ]
 [103.6652  ]
 [103.1224  ]
 [101.9439  ]
 [101.82142 ]
 [101.349365]
 [ 99.69112 ]
 [ 98.13102 ]
 [102.49619 ]
 [105.81708 ]
 [108.450874]
 [106.38544 ]
 [107.88627 ]
 [109.095055]
 [107.61047 ]
 [107.275505]
 [107.66999 ]
 [108.50564 ]
 [104.79057 ]
 [ 99.38246 ]
 [ 90.279366]
 [ 85.44108 ]
 [ 84.91382 ]
 [ 85.13083 ]
 [ 84.54001 ]
 [ 82.67081 ]
 [ 82.233894]
 [ 82.38502 ]
 [ 83.70765 ]
 [ 85.05778 ]
 [ 85.03264 ]
 [ 84.11379 ]
 [ 83.7826  ]
 [ 81.85903 ]
 [ 82.96377 ]
 [ 86.672165]
 [ 91.85636 ]
 [ 94.96398 ]
 [ 94.73162 ]
 [ 93.4779  ]
 [ 96.16016 ]
 [ 96.95776 ]
 [100.253975]
 [ 99.8216  ]
 [ 98.55346 ]
 [ 99.03177 ]
 [ 99.129974]
 [ 99.30954 ]
 [ 98.10428 ]
 [ 96.28218 ]
 [ 94.25717 ]
 [ 93.518265]
 [ 90.97526 ]
 [ 92.23722 ]
 [ 96.10378 ]
 [ 98.03309 ]
 [103.91365 ]
 [112.3245  ]
 [119.57304 ]
 [123.546394]
 [122.12833 ]
 [119.47093 ]
 [120.679726]
 [115.16078 ]
 [112.32708 ]
 [108.62094 ]
 [103.68756 ]
 [ 97.961105]
 [ 93.991165]
 [ 89.36935 ]
 [ 81.512535]
 [ 77.03624 ]
 [ 74.38332 ]
 [ 73.157486]
 [ 78.68806 ]
 [ 80.44816 ]
 [ 77.62276 ]
 [ 75.3039  ]
 [ 72.31426 ]
 [ 68.65769 ]
 [ 69.5336  ]
 [ 71.56414 ]
 [ 74.43086 ]
 [ 74.02213 ]
 [ 78.06335 ]
 [ 80.76202 ]
 [ 85.19405 ]
 [ 88.78923 ]
 [ 92.66071 ]
 [ 94.43782 ]
 [104.73785 ]
 [110.6346  ]
 [104.80269 ]
 [104.54294 ]
 [102.492775]
 [101.844635]
 [101.59231 ]
 [100.822136]
 [100.65966 ]
 [101.51974 ]
 [104.35273 ]
 [106.393486]
 [107.09846 ]
 [105.907875]
 [108.876854]
 [111.9316  ]
 [114.86372 ]
 [121.201675]
 [123.15197 ]
 [120.92482 ]
 [118.88923 ]
 [112.74967 ]
 [105.271515]
 [ 97.15169 ]
 [ 92.64276 ]
 [ 89.92656 ]
 [ 88.2442  ]
 [ 83.61498 ]
 [ 84.847916]
 [ 85.63892 ]
 [ 86.52599 ]
 [ 91.57497 ]
 [ 97.47517 ]
 [100.47819 ]
 [102.15658 ]
 [102.927826]
 [102.08356 ]
 [102.6692  ]
 [102.43303 ]
 [103.36742 ]
 [105.16875 ]
 [107.58412 ]
 [109.86691 ]
 [109.88588 ]
 [112.74145 ]
 [115.12845 ]
 [117.42494 ]
 [116.08019 ]
 [118.21872 ]
 [118.73574 ]
 [116.37269 ]
 [110.21846 ]
 [108.08053 ]
 [106.461685]
 [103.843445]
 [102.43794 ]
 [102.38591 ]
 [101.630104]
 [103.272285]
 [106.22649 ]
 [106.51518 ]
 [104.58268 ]
 [106.56146 ]
 [108.25346 ]
 [110.468475]
 [111.421936]
 [109.561935]
 [108.90287 ]
 [110.259514]
 [111.0094  ]
 [109.29757 ]
 [108.267525]
 [104.944466]
 [104.77869 ]
 [100.0453  ]
 [ 94.74266 ]
 [ 91.11451 ]
 [ 89.03734 ]
 [ 90.84367 ]
 [ 95.03231 ]
 [ 98.455086]
 [100.826485]
 [ 98.109375]
 [100.12662 ]
 [101.68715 ]
 [102.28034 ]
 [102.83663 ]
 [102.28121 ]
 [102.80136 ]
 [104.55365 ]
 [106.48866 ]
 [108.60729 ]
 [111.08152 ]
 [110.08389 ]
 [111.28237 ]
 [111.05139 ]
 [106.81809 ]
 [104.19231 ]
 [102.24876 ]
 [101.76931 ]
 [ 98.63008 ]
 [ 97.01331 ]
 [ 95.63181 ]
 [ 95.147644]
 [ 94.66869 ]
 [ 94.733055]
 [ 96.467064]
 [ 98.278946]
 [ 99.892586]
 [ 98.363846]
 [103.32361 ]
 [106.64454 ]
 [110.29385 ]
 [112.35673 ]
 [111.07559 ]
 [109.29077 ]
 [107.39569 ]
 [104.44482 ]
 [102.01283 ]
 [100.193184]
 [ 97.352   ]
 [ 95.439644]
 [ 94.51483 ]
 [ 94.9293  ]
 [ 96.97788 ]
 [ 98.768745]
 [ 99.76327 ]
 [101.44332 ]
 [102.76924 ]
 [104.35519 ]
 [104.86373 ]
 [105.29894 ]
 [105.30103 ]
 [105.14144 ]
 [102.50742 ]
 [100.85584 ]
 [101.24758 ]
 [101.76332 ]
 [101.12762 ]
 [ 98.19433 ]
 [ 96.89426 ]
 [ 96.05681 ]
 [ 95.00092 ]
 [ 93.445206]
 [ 95.238495]
 [ 94.99445 ]
 [ 96.9408  ]
 [ 97.14907 ]
 [ 88.980286]
 [ 93.823166]
 [ 95.88171 ]
 [ 95.90356 ]
 [ 98.16346 ]
 [ 97.1187  ]
 [ 93.573494]
 [ 92.30311 ]
 [ 97.36678 ]
 [ 99.44659 ]
 [102.06011 ]
 [103.31866 ]
 [105.70718 ]]"
2,<keras.optimizers.Nadam object at 0x7fb8b6ec9690>,"[[137.3544  ]
 [134.24796 ]
 [136.20137 ]
 [133.71364 ]
 [129.03671 ]
 [122.84676 ]
 [113.26821 ]
 [110.15021 ]
 [104.20665 ]
 [105.48597 ]
 [107.65113 ]
 [110.29118 ]
 [110.14503 ]
 [108.394646]
 [109.017914]
 [112.311935]
 [111.829254]
 [109.706184]
 [111.03496 ]
 [111.87829 ]
 [110.06939 ]
 [112.22242 ]
 [116.02295 ]
 [122.99376 ]
 [124.98258 ]
 [125.600525]
 [126.59425 ]
 [122.65905 ]
 [123.91942 ]
 [125.41335 ]
 [123.5953  ]
 [123.60624 ]
 [122.40401 ]
 [120.9465  ]
 [119.14896 ]
 [117.15203 ]
 [116.649536]
 [114.95525 ]
 [112.62076 ]
 [108.76246 ]
 [106.35956 ]
 [101.68442 ]
 [102.795494]
 [ 99.00989 ]
 [102.305275]
 [108.775444]
 [109.98832 ]
 [113.97238 ]
 [115.28589 ]
 [112.89994 ]
 [113.955   ]
 [111.854416]
 [112.298416]
 [108.57441 ]
 [ 97.13591 ]
 [ 94.27624 ]
 [ 93.225716]
 [ 92.2228  ]
 [ 87.91813 ]
 [ 88.04689 ]
 [ 82.280464]
 [ 86.18106 ]
 [ 88.96679 ]
 [ 93.747375]
 [ 94.627884]
 [ 92.676796]
 [ 90.99002 ]
 [ 85.02225 ]
 [ 80.55057 ]
 [ 78.21695 ]
 [ 76.41744 ]
 [ 77.926   ]
 [ 82.913414]
 [ 90.854805]
 [ 95.39988 ]
 [100.31648 ]
 [104.18884 ]
 [111.5752  ]
 [102.94596 ]
 [100.03487 ]
 [ 97.476814]
 [ 91.83605 ]
 [ 85.9261  ]
 [ 86.52643 ]
 [ 84.896835]
 [ 87.55993 ]
 [ 86.10006 ]
 [ 88.25871 ]
 [ 91.165054]
 [ 95.76262 ]
 [ 98.26617 ]
 [106.43405 ]
 [109.74455 ]
 [110.8966  ]
 [110.374954]
 [108.26958 ]
 [107.64205 ]
 [106.61497 ]
 [102.86281 ]
 [103.8918  ]
 [ 99.92697 ]
 [ 98.5444  ]
 [ 97.675545]
 [ 95.00572 ]
 [ 92.25591 ]
 [ 90.8261  ]
 [ 92.49847 ]
 [ 95.31183 ]
 [ 97.59341 ]
 [ 99.40471 ]
 [100.74504 ]
 [103.89492 ]
 [105.83342 ]
 [106.96478 ]
 [111.07989 ]
 [111.708336]
 [114.36447 ]
 [118.12726 ]
 [122.20484 ]
 [122.908295]
 [120.36145 ]
 [119.74284 ]
 [119.11954 ]
 [119.36644 ]
 [117.01295 ]
 [118.69954 ]
 [112.721306]
 [106.65356 ]
 [104.63288 ]
 [100.15905 ]
 [ 97.837265]
 [ 96.77069 ]
 [ 97.3541  ]
 [ 98.08912 ]
 [101.56359 ]
 [104.28833 ]
 [ 95.87456 ]
 [ 99.78774 ]
 [103.25754 ]
 [105.96147 ]
 [110.54866 ]
 [115.12014 ]
 [113.82299 ]
 [114.232285]
 [117.99929 ]
 [119.8356  ]
 [120.1101  ]
 [117.76446 ]
 [114.223145]
 [110.73887 ]
 [109.32878 ]
 [107.560326]
 [104.201225]
 [ 99.93817 ]
 [ 97.37188 ]
 [ 98.28479 ]
 [ 96.89938 ]
 [ 99.72035 ]
 [ 99.8679  ]
 [102.929276]
 [105.07951 ]
 [103.87514 ]
 [105.30718 ]
 [103.21699 ]
 [102.90188 ]
 [102.74087 ]
 [101.913155]
 [101.22092 ]
 [100.601814]
 [104.657234]
 [110.18443 ]
 [114.02265 ]
 [116.14811 ]
 [116.85171 ]
 [114.981674]
 [112.14394 ]
 [110.550354]
 [104.64033 ]
 [100.37822 ]
 [ 95.04895 ]
 [ 93.060875]
 [ 95.98285 ]
 [ 96.74872 ]
 [ 94.832405]
 [ 94.82134 ]
 [ 96.62081 ]
 [102.065475]
 [105.044205]
 [107.60363 ]
 [113.38624 ]
 [113.88758 ]
 [114.246994]
 [112.757   ]
 [113.668686]
 [112.57429 ]
 [111.72176 ]
 [108.70288 ]
 [107.06857 ]
 [104.31878 ]
 [105.234505]
 [102.87664 ]
 [100.27767 ]
 [ 99.25691 ]
 [101.62255 ]
 [102.153625]
 [101.89827 ]
 [102.2615  ]
 [103.131676]
 [105.9335  ]
 [106.81562 ]
 [107.07989 ]
 [105.355865]
 [105.39063 ]
 [106.66203 ]
 [108.13681 ]
 [102.84633 ]
 [106.75071 ]
 [112.96216 ]
 [114.031006]
 [113.78998 ]
 [114.36336 ]
 [113.372284]
 [111.29643 ]
 [107.62641 ]
 [105.57975 ]
 [102.718254]
 [100.03075 ]
 [ 97.37062 ]
 [ 96.02703 ]
 [ 95.48887 ]
 [ 93.9371  ]
 [ 91.22874 ]
 [ 87.742935]
 [ 88.375175]
 [ 92.91177 ]
 [100.20384 ]
 [106.67593 ]
 [108.00737 ]
 [111.0757  ]
 [113.09855 ]
 [114.41937 ]
 [119.124756]
 [120.67593 ]
 [119.53974 ]
 [115.44932 ]
 [112.98821 ]
 [107.84646 ]
 [108.21827 ]
 [106.17028 ]
 [104.62942 ]
 [101.926895]
 [102.55668 ]
 [ 98.48035 ]
 [101.07035 ]
 [102.9078  ]
 [103.68296 ]
 [105.35107 ]
 [105.099754]
 [107.003334]
 [103.4404  ]
 [101.127525]
 [ 95.58776 ]
 [ 95.10313 ]
 [ 92.128395]
 [ 96.92881 ]
 [102.62328 ]
 [109.20673 ]
 [111.91877 ]
 [113.871086]
 [115.12964 ]
 [114.6064  ]
 [112.954056]
 [113.21909 ]
 [108.45126 ]
 [104.96173 ]
 [ 98.578545]
 [ 96.51695 ]
 [ 94.18557 ]
 [ 93.62851 ]
 [ 90.848015]
 [ 87.45807 ]
 [ 87.60948 ]
 [ 90.67567 ]
 [ 94.51852 ]
 [ 99.73309 ]
 [104.16472 ]
 [104.676025]
 [108.305664]
 [110.60261 ]
 [111.58851 ]
 [111.918884]
 [114.83994 ]
 [114.5306  ]
 [115.6832  ]
 [112.45874 ]
 [107.89139 ]
 [104.27056 ]
 [104.56686 ]
 [102.48864 ]
 [101.66243 ]
 [102.34187 ]
 [105.83859 ]
 [108.354614]
 [110.37937 ]
 [113.9305  ]
 [110.766   ]
 [111.82161 ]
 [110.09156 ]
 [109.86578 ]
 [106.626366]
 [104.1642  ]
 [104.72417 ]
 [107.19292 ]
 [108.82179 ]
 [109.66859 ]
 [111.2892  ]
 [112.875175]
 [112.953384]
 [113.56836 ]
 [110.8329  ]
 [107.35635 ]
 [107.00228 ]
 [104.32132 ]
 [101.85331 ]
 [ 99.63144 ]
 [ 97.987686]
 [ 97.712395]
 [ 98.73174 ]
 [100.218704]
 [ 99.83855 ]
 [101.50017 ]
 [103.14314 ]
 [103.79527 ]
 [107.59714 ]
 [108.652084]
 [111.55359 ]
 [110.93766 ]
 [114.75714 ]
 [119.05832 ]
 [117.67767 ]
 [114.13382 ]
 [109.98264 ]
 [107.12944 ]
 [106.99201 ]
 [103.468315]
 [101.65049 ]
 [100.44388 ]
 [100.77338 ]
 [102.355064]
 [106.7415  ]
 [108.26712 ]
 [108.6378  ]
 [110.94843 ]
 [111.96535 ]
 [112.12402 ]
 [110.79501 ]
 [108.54991 ]
 [106.84094 ]
 [105.55492 ]
 [104.00001 ]
 [102.67293 ]
 [102.644226]
 [102.497955]
 [ 97.38942 ]
 [ 92.935036]
 [ 98.379295]
 [101.4177  ]
 [100.93422 ]
 [100.69851 ]
 [101.92479 ]
 [ 99.57426 ]
 [ 99.566536]
 [ 94.59006 ]
 [ 92.97791 ]
 [ 93.57755 ]
 [ 94.135704]
 [ 93.29625 ]
 [ 86.75954 ]
 [ 82.60324 ]
 [ 81.83529 ]
 [ 81.460075]
 [ 91.223015]
 [ 97.73154 ]
 [106.02833 ]
 [107.53657 ]
 [103.61016 ]
 [ 98.78339 ]
 [ 96.67419 ]
 [ 93.25738 ]
 [ 92.09683 ]
 [ 89.28723 ]
 [ 89.99182 ]
 [ 89.41555 ]
 [ 91.86164 ]
 [ 90.52487 ]
 [ 92.312035]
 [ 91.97745 ]
 [ 94.60323 ]
 [ 94.617226]
 [ 95.50993 ]
 [ 93.88016 ]
 [ 92.92537 ]
 [ 93.52866 ]
 [ 91.15876 ]
 [ 87.42984 ]
 [ 84.25338 ]
 [ 85.985756]
 [ 90.00682 ]
 [ 94.40085 ]
 [100.311935]
 [107.98832 ]
 [111.03471 ]
 [109.36922 ]
 [109.68992 ]
 [109.27357 ]
 [107.17269 ]
 [103.75802 ]
 [101.51561 ]
 [101.37715 ]
 [ 99.36782 ]
 [ 97.71489 ]
 [ 96.42448 ]
 [ 93.15046 ]
 [ 88.11154 ]
 [ 86.800476]
 [ 82.550026]
 [ 78.18896 ]
 [ 84.94527 ]
 [ 87.48516 ]
 [ 99.47971 ]
 [105.69706 ]
 [114.78109 ]
 [117.38575 ]
 [112.69721 ]
 [110.332436]
 [101.47628 ]
 [ 99.3914  ]
 [ 93.99153 ]
 [ 89.874725]
 [ 86.2086  ]
 [ 84.80169 ]
 [ 85.22081 ]
 [ 82.93511 ]
 [ 84.159996]
 [ 80.54145 ]
 [ 83.966934]
 [ 82.83279 ]
 [ 84.99547 ]
 [ 87.38995 ]
 [ 82.838715]
 [ 81.23803 ]
 [ 83.07167 ]
 [ 81.42734 ]
 [ 79.667274]
 [ 79.96929 ]
 [ 77.68349 ]
 [ 77.90915 ]
 [ 78.18844 ]
 [ 81.34503 ]
 [ 81.75815 ]
 [ 82.38383 ]
 [ 82.69354 ]
 [ 83.34998 ]
 [ 86.80618 ]
 [ 88.14754 ]
 [ 90.26715 ]
 [ 90.787796]
 [ 94.58278 ]
 [ 94.639465]
 [ 99.271675]
 [101.62791 ]
 [103.6499  ]
 [104.753006]
 [101.709206]
 [102.72495 ]
 [100.57532 ]
 [ 97.81087 ]
 [ 97.809906]
 [ 91.071884]
 [ 87.15157 ]
 [ 86.719284]
 [ 88.97511 ]
 [ 89.19435 ]
 [ 81.84862 ]
 [ 74.73582 ]
 [ 73.54204 ]
 [ 76.735886]
 [ 75.788506]
 [ 77.281296]
 [ 76.400665]
 [ 77.0278  ]
 [ 82.6946  ]
 [ 85.79801 ]
 [ 84.19382 ]
 [ 83.7085  ]
 [ 85.797226]
 [ 84.46247 ]
 [ 80.81865 ]
 [ 81.70297 ]
 [ 81.646576]
 [ 78.307526]
 [ 76.32189 ]
 [ 76.01675 ]
 [ 76.38331 ]
 [ 79.59032 ]
 [ 78.812485]
 [ 81.296326]
 [ 83.462654]
 [ 82.16667 ]
 [ 83.49862 ]
 [ 86.91918 ]
 [ 88.84061 ]
 [ 87.69617 ]
 [ 87.73517 ]
 [ 87.47692 ]
 [ 87.46097 ]
 [ 89.09607 ]
 [ 87.944695]
 [ 87.61061 ]
 [ 88.30346 ]
 [ 87.260605]
 [ 85.79284 ]
 [ 85.75863 ]
 [ 81.26414 ]
 [ 79.215744]
 [ 88.77898 ]
 [ 91.85131 ]
 [ 96.54741 ]
 [ 95.8505  ]
 [ 93.28615 ]
 [ 92.34126 ]
 [ 88.960335]
 [ 89.85773 ]
 [ 88.92839 ]
 [ 84.38729 ]
 [ 75.52071 ]
 [ 71.116066]
 [ 65.86366 ]
 [ 64.209145]
 [ 67.63433 ]
 [ 68.944016]
 [ 69.903885]
 [ 64.55457 ]
 [ 65.81106 ]
 [ 69.84003 ]
 [ 72.54536 ]
 [ 74.286804]
 [ 71.2838  ]
 [ 71.60205 ]
 [ 69.67485 ]
 [ 69.25195 ]
 [ 69.84025 ]
 [ 71.76576 ]
 [ 74.75717 ]
 [ 77.44773 ]
 [ 76.19893 ]
 [ 75.39058 ]
 [ 79.17004 ]
 [ 80.05669 ]
 [ 84.81258 ]
 [ 81.30859 ]
 [ 83.291534]
 [ 85.30776 ]
 [ 88.34985 ]
 [ 89.331764]
 [ 89.87666 ]
 [ 87.71769 ]
 [ 82.791336]
 [ 83.52831 ]
 [ 79.929955]
 [ 81.57635 ]
 [ 81.900314]
 [ 81.39127 ]
 [ 93.70098 ]
 [101.61718 ]
 [111.77274 ]
 [112.62907 ]
 [106.42049 ]
 [101.961426]
 [100.18408 ]
 [ 91.69941 ]
 [ 92.01146 ]
 [ 86.97386 ]
 [ 80.625595]
 [ 73.94221 ]
 [ 71.68751 ]
 [ 66.675964]
 [ 63.811344]
 [ 64.24506 ]
 [ 64.90836 ]
 [ 63.771507]
 [ 67.77347 ]
 [ 67.82992 ]
 [ 64.11672 ]
 [ 62.754757]
 [ 61.45694 ]
 [ 58.814407]
 [ 59.079575]
 [ 59.679497]
 [ 64.28135 ]
 [ 62.625725]
 [ 69.85863 ]
 [ 71.87054 ]
 [ 73.82709 ]
 [ 74.29602 ]
 [ 74.72018 ]
 [ 73.051544]
 [ 85.7168  ]
 [ 86.76391 ]
 [ 85.58874 ]
 [ 85.966255]
 [ 86.30974 ]
 [ 86.68801 ]
 [ 86.02836 ]
 [ 85.296585]
 [ 86.447174]
 [ 87.34879 ]
 [ 88.59403 ]
 [ 91.66011 ]
 [ 92.43395 ]
 [ 90.16554 ]
 [ 96.52238 ]
 [ 98.3982  ]
 [102.71506 ]
 [102.576645]
 [104.00124 ]
 [103.25903 ]
 [ 97.75574 ]
 [ 94.417915]
 [ 85.82266 ]
 [ 74.78805 ]
 [ 71.862595]
 [ 69.71911 ]
 [ 68.69463 ]
 [ 71.80557 ]
 [ 74.693436]
 [ 74.77892 ]
 [ 77.060936]
 [ 79.64049 ]
 [ 88.6662  ]
 [ 89.73935 ]
 [ 90.550995]
 [ 94.45989 ]
 [ 96.9842  ]
 [ 98.61727 ]
 [103.14394 ]
 [108.30948 ]
 [113.54893 ]
 [117.98166 ]
 [121.74167 ]
 [120.68358 ]
 [122.233604]
 [124.702065]
 [138.6378  ]
 [137.92368 ]
 [136.01596 ]
 [134.47705 ]
 [131.37428 ]
 [123.00944 ]
 [120.1331  ]
 [121.47896 ]
 [123.75756 ]
 [121.638985]
 [119.345314]
 [118.40197 ]
 [121.50651 ]
 [118.72452 ]
 [114.90655 ]
 [112.42269 ]
 [113.229744]
 [112.69113 ]
 [116.825   ]
 [117.14812 ]
 [112.61447 ]
 [110.42086 ]
 [107.43156 ]
 [112.23618 ]
 [116.31116 ]
 [115.931145]
 [111.940834]
 [104.91863 ]
 [ 94.48061 ]
 [ 86.894684]
 [ 87.34496 ]
 [ 85.82962 ]
 [ 87.70576 ]
 [ 90.12163 ]
 [ 92.77343 ]
 [ 95.205444]
 [ 91.141426]
 [ 92.71641 ]
 [ 97.48368 ]
 [ 97.0825  ]
 [ 94.88152 ]
 [ 95.92344 ]
 [ 96.62987 ]
 [ 97.69488 ]
 [ 95.16352 ]
 [ 95.28258 ]
 [ 96.961945]
 [ 97.86595 ]
 [ 99.67613 ]
 [100.68678 ]
 [ 98.7251  ]
 [ 97.35784 ]
 [101.201935]
 [102.29138 ]
 [101.41643 ]
 [ 99.94513 ]
 [ 99.25775 ]
 [ 97.57531 ]
 [ 95.34522 ]
 [ 94.76561 ]
 [ 94.77287 ]
 [ 95.64432 ]
 [ 95.470695]
 [ 89.38877 ]
 [103.71454 ]
 [109.77861 ]
 [118.019455]
 [119.76502 ]
 [117.75886 ]
 [114.14125 ]
 [106.77071 ]
 [101.78471 ]
 [ 99.59257 ]
 [ 96.36348 ]
 [ 96.18786 ]
 [ 95.36554 ]
 [ 94.549614]
 [ 94.6147  ]
 [ 98.73024 ]
 [ 99.065636]
 [100.25136 ]
 [101.17176 ]
 [103.097786]
 [105.308624]
 [109.43529 ]
 [110.12822 ]
 [110.25656 ]
 [110.35779 ]
 [108.05011 ]
 [107.87273 ]
 [109.96925 ]
 [110.57299 ]
 [110.29011 ]
 [109.55681 ]
 [108.60328 ]
 [108.45631 ]
 [109.82877 ]
 [107.9884  ]
 [107.70844 ]
 [105.14275 ]
 [106.13642 ]
 [107.48514 ]
 [105.81382 ]
 [104.67361 ]
 [101.59546 ]
 [100.43056 ]
 [100.137985]
 [ 99.22469 ]
 [ 94.826904]
 [ 94.86628 ]
 [ 99.36384 ]
 [103.73591 ]
 [110.67789 ]
 [114.70009 ]
 [117.38205 ]]"
3,<keras.optimizers.Adamax object at 0x7fb8ca74b8d0>,"[[140.1049  ]
 [140.40428 ]
 [140.55911 ]
 [135.4132  ]
 [128.98238 ]
 [120.63016 ]
 [111.26903 ]
 [105.40469 ]
 [ 99.87489 ]
 [ 97.38251 ]
 [ 96.73794 ]
 [ 99.5102  ]
 [100.27128 ]
 [ 97.05549 ]
 [ 96.376976]
 [ 97.54901 ]
 [ 96.01193 ]
 [ 92.72887 ]
 [ 91.55211 ]
 [ 91.37359 ]
 [ 92.61288 ]
 [ 94.2439  ]
 [ 97.044556]
 [100.20653 ]
 [100.99757 ]
 [103.15517 ]
 [102.60775 ]
 [103.82624 ]
 [101.89947 ]
 [100.16722 ]
 [ 98.35522 ]
 [103.28353 ]
 [103.14168 ]
 [100.569405]
 [ 98.596146]
 [ 98.91972 ]
 [100.451744]
 [101.82003 ]
 [ 99.65516 ]
 [ 96.84976 ]
 [ 95.71406 ]
 [ 95.30305 ]
 [ 96.44294 ]
 [ 95.73034 ]
 [ 99.26736 ]
 [102.00227 ]
 [106.15848 ]
 [111.557945]
 [116.95082 ]
 [113.25348 ]
 [108.625824]
 [107.34253 ]
 [115.9702  ]
 [112.38755 ]
 [103.08229 ]
 [ 96.624535]
 [ 94.22719 ]
 [ 92.48635 ]
 [ 87.73202 ]
 [ 86.509636]
 [ 80.3626  ]
 [ 82.627   ]
 [ 86.32985 ]
 [ 88.4802  ]
 [ 89.272865]
 [ 85.79072 ]
 [ 83.165054]
 [ 77.625595]
 [ 74.82532 ]
 [ 72.74989 ]
 [ 75.39471 ]
 [ 74.000534]
 [ 82.67153 ]
 [ 85.33919 ]
 [ 90.62888 ]
 [ 95.63077 ]
 [101.60706 ]
 [101.79214 ]
 [102.60907 ]
 [100.264015]
 [ 99.4857  ]
 [ 93.672615]
 [ 87.647224]
 [ 81.75269 ]
 [ 76.51558 ]
 [ 78.21888 ]
 [ 72.56372 ]
 [ 68.655876]
 [ 67.78518 ]
 [ 71.11563 ]
 [ 74.84494 ]
 [ 83.90724 ]
 [ 88.52101 ]
 [ 86.534584]
 [ 89.5248  ]
 [ 87.13689 ]
 [ 86.71951 ]
 [ 87.86106 ]
 [ 90.46149 ]
 [ 89.68191 ]
 [ 87.63438 ]
 [ 85.08178 ]
 [ 84.25169 ]
 [ 80.68107 ]
 [ 79.17567 ]
 [ 78.407646]
 [ 79.95052 ]
 [ 82.07726 ]
 [ 85.532776]
 [ 88.69011 ]
 [ 90.30179 ]
 [ 92.59737 ]
 [ 94.02846 ]
 [ 94.35519 ]
 [ 97.77349 ]
 [ 98.10493 ]
 [101.09155 ]
 [100.7051  ]
 [ 97.85747 ]
 [ 95.58944 ]
 [ 98.74119 ]
 [ 99.00988 ]
 [ 99.33628 ]
 [ 95.59462 ]
 [ 94.83656 ]
 [ 95.90142 ]
 [ 94.30956 ]
 [ 93.83306 ]
 [ 91.34934 ]
 [ 89.223015]
 [ 89.05647 ]
 [ 87.452   ]
 [ 85.433716]
 [ 85.165085]
 [ 85.86666 ]
 [ 86.18344 ]
 [ 86.87669 ]
 [ 85.274155]
 [ 85.798836]
 [ 88.09197 ]
 [ 92.181755]
 [ 98.89948 ]
 [ 99.855545]
 [101.59274 ]
 [107.01038 ]
 [109.853424]
 [110.26054 ]
 [110.009125]
 [109.694336]
 [ 97.43944 ]
 [ 97.15866 ]
 [ 95.581635]
 [ 93.0949  ]
 [ 84.925606]
 [ 80.395195]
 [ 82.49545 ]
 [ 79.74065 ]
 [ 83.95035 ]
 [ 83.015366]
 [ 83.37899 ]
 [ 84.33232 ]
 [ 83.019264]
 [ 85.91624 ]
 [ 84.33695 ]
 [ 85.762245]
 [ 86.480965]
 [ 88.275475]
 [ 88.62709 ]
 [ 89.234955]
 [ 89.200485]
 [ 88.98861 ]
 [ 89.7021  ]
 [ 92.63859 ]
 [ 94.341805]
 [ 96.30888 ]
 [ 96.29638 ]
 [ 93.84146 ]
 [ 89.735535]
 [ 88.08487 ]
 [ 84.552155]
 [ 82.581566]
 [ 83.838425]
 [ 84.29862 ]
 [ 83.46109 ]
 [ 84.10529 ]
 [ 87.37252 ]
 [ 89.62193 ]
 [ 91.46875 ]
 [ 94.37004 ]
 [ 99.52225 ]
 [100.47381 ]
 [ 96.28732 ]
 [ 93.27977 ]
 [ 96.38579 ]
 [104.39669 ]
 [101.577515]
 [ 93.727066]
 [ 90.89371 ]
 [ 89.8662  ]
 [ 92.48718 ]
 [ 92.7259  ]
 [ 88.50373 ]
 [ 84.465546]
 [ 87.70222 ]
 [ 88.36859 ]
 [ 90.33879 ]
 [ 89.190445]
 [ 86.33923 ]
 [ 89.04033 ]
 [ 90.16678 ]
 [ 90.09079 ]
 [ 90.12843 ]
 [ 87.143394]
 [ 87.26831 ]
 [ 88.90506 ]
 [ 86.70708 ]
 [ 91.80251 ]
 [ 91.332596]
 [ 91.58106 ]
 [ 91.61283 ]
 [ 94.23876 ]
 [ 95.283485]
 [ 96.202545]
 [ 93.33061 ]
 [ 92.255035]
 [ 88.22425 ]
 [ 85.78412 ]
 [ 82.8175  ]
 [ 78.558464]
 [ 78.74535 ]
 [ 79.33458 ]
 [ 81.36937 ]
 [ 80.02099 ]
 [ 77.72342 ]
 [ 82.53737 ]
 [ 90.31125 ]
 [ 96.01517 ]
 [ 98.21623 ]
 [101.53947 ]
 [ 96.69551 ]
 [106.700066]
 [110.67066 ]
 [114.12889 ]
 [113.724945]
 [107.778244]
 [103.82346 ]
 [ 97.91108 ]
 [ 95.908195]
 [ 92.75472 ]
 [ 89.97958 ]
 [ 85.425514]
 [ 86.597565]
 [ 84.096886]
 [ 87.851555]
 [ 84.67583 ]
 [ 85.91475 ]
 [ 84.68198 ]
 [ 85.085266]
 [ 88.86794 ]
 [ 87.65001 ]
 [ 84.88957 ]
 [ 86.0437  ]
 [ 84.61492 ]
 [ 86.354546]
 [ 86.06785 ]
 [ 89.570816]
 [ 91.242615]
 [ 92.68385 ]
 [ 95.11453 ]
 [ 93.46377 ]
 [ 91.34433 ]
 [ 90.46991 ]
 [100.50671 ]
 [103.376854]
 [102.496346]
 [ 96.681946]
 [ 92.45507 ]
 [ 87.80095 ]
 [ 85.93157 ]
 [ 83.68591 ]
 [ 81.45511 ]
 [ 81.62617 ]
 [ 82.38212 ]
 [ 84.28845 ]
 [ 83.34401 ]
 [ 88.4321  ]
 [ 90.35055 ]
 [ 90.784256]
 [104.17413 ]
 [110.34174 ]
 [111.60961 ]
 [115.91442 ]
 [117.4197  ]
 [112.79869 ]
 [107.777794]
 [ 97.56891 ]
 [ 92.73249 ]
 [ 89.71123 ]
 [ 84.58434 ]
 [ 79.3423  ]
 [ 76.10715 ]
 [ 76.9349  ]
 [ 76.06894 ]
 [ 75.03852 ]
 [ 78.01656 ]
 [ 81.24586 ]
 [ 88.09538 ]
 [ 91.28572 ]
 [ 93.79343 ]
 [ 93.905594]
 [ 92.768776]
 [ 91.05485 ]
 [ 90.62656 ]
 [ 91.74786 ]
 [ 91.299286]
 [ 91.28236 ]
 [ 94.341515]
 [ 93.91894 ]
 [ 93.160126]
 [ 86.58622 ]
 [ 80.588554]
 [ 80.06708 ]
 [ 80.817894]
 [ 79.76541 ]
 [ 77.817085]
 [ 75.39091 ]
 [ 74.95592 ]
 [ 77.006676]
 [ 76.230736]
 [ 77.26365 ]
 [ 79.609245]
 [ 83.2425  ]
 [ 85.05188 ]
 [ 88.47756 ]
 [ 90.22009 ]
 [ 90.33119 ]
 [ 93.704025]
 [101.40648 ]
 [106.21841 ]
 [105.80872 ]
 [102.22509 ]
 [ 99.2838  ]
 [ 96.39935 ]
 [ 92.64246 ]
 [ 86.943306]
 [ 85.34568 ]
 [ 80.85345 ]
 [ 80.71342 ]
 [ 82.85397 ]
 [ 88.534904]
 [ 92.02328 ]
 [ 92.82828 ]
 [ 94.972015]
 [ 92.25155 ]
 [ 91.51908 ]
 [ 93.19927 ]
 [ 87.47351 ]
 [ 84.80125 ]
 [ 83.08337 ]
 [ 83.24704 ]
 [ 81.91599 ]
 [ 84.42911 ]
 [ 89.934746]
 [ 94.05524 ]
 [ 90.45438 ]
 [ 95.29413 ]
 [ 98.73893 ]
 [ 98.41993 ]
 [100.379234]
 [ 98.404884]
 [100.11712 ]
 [ 95.68492 ]
 [ 93.443985]
 [ 89.7708  ]
 [ 82.187675]
 [ 79.38144 ]
 [ 83.255226]
 [ 84.22758 ]
 [ 82.04647 ]
 [ 81.19412 ]
 [ 77.8855  ]
 [ 80.72963 ]
 [ 83.1785  ]
 [ 81.87892 ]
 [ 82.96387 ]
 [ 73.66445 ]
 [ 66.81377 ]
 [ 68.628075]
 [ 67.2914  ]
 [ 66.424706]
 [ 66.517525]
 [ 62.063904]
 [ 63.170326]
 [ 61.90445 ]
 [ 65.08535 ]
 [ 64.85462 ]
 [ 56.923   ]
 [ 62.837006]
 [ 68.86068 ]
 [ 74.31781 ]
 [ 72.4485  ]
 [ 64.38977 ]
 [ 63.51342 ]
 [ 64.19182 ]
 [ 63.496727]
 [ 66.43106 ]
 [ 74.03562 ]
 [ 85.23239 ]
 [ 93.30925 ]
 [104.03978 ]
 [103.88929 ]
 [ 98.586685]
 [ 99.99391 ]
 [100.68738 ]
 [ 98.934   ]
 [100.674995]
 [101.93176 ]
 [103.59699 ]
 [107.33329 ]
 [108.85028 ]
 [109.509865]
 [108.637535]
 [102.48411 ]
 [ 97.46506 ]
 [ 93.33766 ]
 [ 91.84712 ]
 [ 91.51854 ]
 [ 92.094666]
 [ 94.09841 ]
 [ 98.81671 ]
 [106.53332 ]
 [111.476006]
 [115.779686]
 [110.12273 ]
 [116.67066 ]
 [111.59956 ]
 [109.80912 ]
 [105.10843 ]
 [101.16632 ]
 [ 90.5193  ]
 [ 82.363625]
 [ 83.371544]
 [ 81.25089 ]
 [ 82.27979 ]
 [ 79.857445]
 [ 79.29356 ]
 [ 81.30584 ]
 [ 79.82009 ]
 [ 78.24369 ]
 [ 70.24913 ]
 [ 68.77614 ]
 [ 72.22398 ]
 [ 71.1564  ]
 [ 70.55366 ]
 [ 69.815636]
 [ 68.84873 ]
 [ 68.20184 ]
 [ 71.35105 ]
 [ 73.67849 ]
 [ 77.14116 ]
 [ 79.92525 ]
 [ 82.99062 ]
 [ 86.64985 ]
 [ 88.050285]
 [ 88.24398 ]
 [ 85.3642  ]
 [ 84.567215]
 [ 87.66161 ]
 [ 90.73178 ]
 [ 99.997505]
 [ 99.970245]
 [102.51575 ]
 [110.0172  ]
 [111.42875 ]
 [110.874275]
 [106.14244 ]
 [102.26398 ]
 [104.29347 ]
 [103.44079 ]
 [103.0291  ]
 [100.169685]
 [100.37526 ]
 [ 96.91825 ]
 [ 91.05847 ]
 [ 92.9199  ]
 [ 86.561615]
 [ 83.16174 ]
 [ 75.59603 ]
 [ 74.60912 ]
 [ 72.93021 ]
 [ 73.0971  ]
 [ 78.99129 ]
 [ 84.97144 ]
 [ 84.595695]
 [ 85.99129 ]
 [ 87.231705]
 [ 87.99799 ]
 [ 87.42054 ]
 [ 90.17517 ]
 [ 92.757256]
 [ 91.15826 ]
 [ 88.902954]
 [ 87.583984]
 [ 87.257164]
 [ 89.053   ]
 [ 89.20416 ]
 [ 88.61304 ]
 [ 91.38415 ]
 [ 89.77773 ]
 [ 90.483185]
 [ 94.92321 ]
 [ 93.10097 ]
 [ 92.85497 ]
 [ 93.7675  ]
 [ 93.7028  ]
 [ 91.52622 ]
 [ 94.24921 ]
 [ 89.69991 ]
 [ 89.50249 ]
 [ 94.90508 ]
 [ 97.51639 ]
 [ 98.79698 ]
 [100.61848 ]
 [ 97.47914 ]
 [ 93.636925]
 [ 97.98724 ]
 [100.83225 ]
 [106.9082  ]
 [111.44069 ]
 [109.46419 ]
 [107.830414]
 [104.02132 ]
 [ 99.89973 ]
 [ 98.41995 ]
 [100.35325 ]
 [ 96.922966]
 [ 91.20585 ]
 [ 83.64552 ]
 [ 79.566086]
 [ 81.22217 ]
 [ 81.630066]
 [ 83.24363 ]
 [ 79.2421  ]
 [ 76.57437 ]
 [ 79.0892  ]
 [ 81.303185]
 [ 83.70059 ]
 [ 82.801765]
 [ 81.627625]
 [ 78.4909  ]
 [ 80.97851 ]
 [ 83.67332 ]
 [ 85.08675 ]
 [ 88.70674 ]
 [ 92.1216  ]
 [ 94.1429  ]
 [ 93.19263 ]
 [ 93.67209 ]
 [ 94.86314 ]
 [ 98.85887 ]
 [ 99.42088 ]
 [ 98.68473 ]
 [ 96.32794 ]
 [ 95.50166 ]
 [ 95.94279 ]
 [ 94.0391  ]
 [ 94.40998 ]
 [ 94.11263 ]
 [ 93.009964]
 [ 92.001045]
 [ 92.23373 ]
 [ 92.73077 ]
 [ 93.87154 ]
 [ 99.89148 ]
 [107.35888 ]
 [115.725296]
 [122.6483  ]
 [118.57094 ]
 [115.20296 ]
 [131.82744 ]
 [115.849594]
 [109.22104 ]
 [107.96466 ]
 [100.2352  ]
 [ 96.43619 ]
 [ 87.77236 ]
 [ 80.09887 ]
 [ 74.13968 ]
 [ 70.44862 ]
 [ 67.20956 ]
 [ 65.64977 ]
 [ 67.09787 ]
 [ 68.69138 ]
 [ 61.85937 ]
 [ 57.825287]
 [ 55.847507]
 [ 55.390064]
 [ 52.638474]
 [ 52.07223 ]
 [ 57.59602 ]
 [ 66.228485]
 [ 65.95729 ]
 [ 70.7507  ]
 [ 75.98289 ]
 [ 78.81403 ]
 [ 83.18444 ]
 [ 81.914215]
 [ 86.12639 ]
 [ 81.197685]
 [ 83.017624]
 [ 80.48224 ]
 [ 80.84914 ]
 [ 82.91993 ]
 [ 82.51111 ]
 [ 82.936134]
 [ 83.83293 ]
 [ 83.638275]
 [ 87.60717 ]
 [ 90.63455 ]
 [ 96.137276]
 [ 95.91933 ]
 [ 98.67896 ]
 [103.496704]
 [110.90782 ]
 [123.15617 ]
 [124.82893 ]
 [139.14357 ]
 [136.41406 ]
 [130.78156 ]
 [105.94587 ]
 [ 98.60181 ]
 [ 91.18841 ]
 [ 86.4829  ]
 [ 77.32235 ]
 [ 70.74346 ]
 [ 66.105286]
 [ 69.32725 ]
 [ 71.92972 ]
 [ 77.27801 ]
 [ 83.09056 ]
 [ 86.35752 ]
 [ 87.053   ]
 [ 90.35706 ]
 [ 91.230576]
 [ 91.96777 ]
 [ 94.24366 ]
 [ 95.12803 ]
 [100.708496]
 [105.03054 ]
 [108.47108 ]
 [110.816986]
 [115.2691  ]
 [116.735146]
 [115.34954 ]
 [110.664444]
 [103.536575]
 [102.06782 ]
 [ 98.31429 ]
 [ 93.93359 ]
 [ 87.39593 ]
 [ 86.37534 ]
 [ 84.984474]
 [ 84.41766 ]
 [ 84.11295 ]
 [ 83.20048 ]
 [ 85.54592 ]
 [ 86.68702 ]
 [ 88.027855]
 [ 86.98956 ]
 [ 91.23459 ]
 [ 95.70542 ]
 [ 99.6294  ]
 [102.173744]
 [103.244385]
 [103.04943 ]
 [104.08962 ]
 [109.84874 ]
 [117.91223 ]
 [118.71106 ]
 [116.09824 ]
 [107.6419  ]
 [ 97.5824  ]
 [ 90.9216  ]
 [ 91.50669 ]
 [ 88.46804 ]
 [ 83.22816 ]
 [ 78.841736]
 [ 76.11056 ]
 [ 75.609985]
 [ 73.35592 ]
 [ 74.74142 ]
 [ 77.60727 ]
 [ 77.35035 ]
 [ 79.67381 ]
 [ 81.43483 ]
 [ 83.798164]
 [ 90.643585]
 [ 95.21707 ]
 [ 97.08644 ]
 [ 97.964424]
 [ 97.39539 ]
 [ 96.480286]
 [ 94.979454]
 [ 88.20698 ]
 [ 86.88302 ]
 [ 86.78167 ]
 [ 86.53472 ]
 [ 82.88214 ]
 [ 82.33597 ]
 [ 81.511345]
 [ 79.621185]
 [ 79.028625]
 [ 79.24276 ]
 [ 81.02927 ]
 [ 83.34913 ]
 [ 85.31657 ]
 [ 86.836685]
 [ 89.20466 ]
 [ 93.5528  ]
 [101.458084]
 [106.36629 ]
 [109.42727 ]
 [106.67622 ]
 [102.93817 ]
 [ 98.9405  ]
 [ 91.05232 ]
 [ 88.611465]
 [ 85.67194 ]
 [ 83.58657 ]
 [ 83.67309 ]
 [ 80.4255  ]
 [ 83.55761 ]
 [ 84.770645]
 [ 85.478226]
 [ 86.02038 ]
 [ 89.67203 ]
 [ 92.64339 ]
 [ 90.32006 ]
 [ 92.4552  ]
 [ 96.255295]
 [ 97.23734 ]
 [ 98.08488 ]
 [ 97.661934]
 [ 97.56647 ]
 [ 98.43638 ]
 [ 96.27573 ]
 [ 96.27838 ]
 [ 93.73034 ]
 [ 89.71072 ]
 [ 87.59109 ]
 [ 86.71688 ]
 [ 84.64363 ]
 [ 80.63125 ]
 [ 76.09585 ]
 [ 80.00672 ]
 [ 65.6283  ]
 [ 77.48973 ]
 [ 79.099495]
 [ 81.24939 ]
 [ 83.52293 ]
 [ 86.19467 ]
 [ 85.99738 ]
 [ 82.281425]
 [ 85.458954]
 [ 85.091194]
 [ 90.88425 ]
 [ 88.59665 ]
 [ 89.95489 ]]"
