,y_pred,y_test,spike_upperlim,spike_lowerlim
0,103.973854,93.5,117.86034077157095,88.22007589509462
1,103.101654,100.0,117.94067593993151,88.76474072673406
2,103.24888,100.0,117.94067593993151,88.76474072673406
3,103.32769,97.0,117.8992570433044,88.68115962336118
4,103.494934,97.0,117.85753508576113,88.59788158090444
5,104.60158,100.0,117.85753508576113,88.59788158090444
6,105.56333,97.0,117.81551135676573,88.51490530989985
7,106.42722,100.0,116.02195752117264,88.68345914549292
8,106.71904,106.0,114.23794546984936,89.09247119681622
9,106.29152,93.5,113.39262395379083,88.79487604620803
10,107.77442,100.0,111.23759774230842,89.32490225769047
11,122.91447,139.99999999999997,110.12119882284165,90.02463451049059
12,127.6286,150.0,113.47002492050129,88.73830841283095
13,157.03703,139.99999999999997,115.50663209251026,88.34753457415532
14,115.757355,97.0,115.45092720594359,88.25740612738865
15,125.9223,139.99999999999997,117.34340369712942,88.01076296953615
16,109.76221,100.0,117.33474364590352,87.9985896874287
17,114.7329,225.0,128.2080883103117,82.31274502302054
18,113.59656,250.0,139.41253904118759,77.39996095881129
19,105.83361,106.0,139.66032405847403,78.02717594152487
20,108.25502,100.0,139.68836616333536,78.08246716999687
21,109.36739,100.0,139.71634465263006,78.13782201403555
22,118.780266,106.0,139.84423109811038,78.34326890188851
23,127.03221,110.0,140.0508696003178,78.63663039968108
24,131.54071,139.0,140.83897204942082,78.8485279505781
25,104.49493,100.0,140.86571919105836,78.90511414227387
26,102.36547,93.5,140.81547930073685,78.76785403259535
27,99.858765,93.5,140.81547930073685,78.76785403259535
28,99.06275,93.5,140.81547930073685,78.76785403259535
29,169.92712,260.0,150.9290158848309,75.32098411516797
30,99.18808,93.5,150.9290158848309,75.32098411516797
31,98.71113,93.5,150.9290158848309,75.32098411516797
32,96.37418,93.5,150.9290158848309,75.32098411516797
33,97.045784,93.5,150.9290158848309,75.32098411516797
34,167.17659,160.0,152.79539088483472,76.22544244849749
35,153.14902,160.0,154.60519202543617,77.18647464122942
36,154.41292,180.0,157.3445928418122,78.05124049152006
37,102.64819,97.99999999999999,157.3851909240478,78.19814240928444
38,139.72856,145.0,158.40239149402572,78.97260850597316
39,104.96569,106.0,157.4387782977151,78.31122170228382
40,106.50389,106.0,157.49216389482217,78.42450277184341
41,125.16545,145.0,158.50570178938182,79.20263154395045
42,109.14634,125.0,158.9157726662668,79.75089400039877
43,109.97953,100.0,158.8937880010555,79.68954533227674
44,119.537796,107.0,158.95805988218675,79.8336067844788
45,121.04461,107.0,159.02201110395808,79.97798889604081
46,125.680046,97.99999999999999,158.98055700165492,79.85277633167735
47,124.03804,100.0,159.0364243694453,80.06774229722026
48,121.41677,100.0,159.0916558721825,80.28334412781635
49,109.57932,97.0,159.06341145218198,80.18658854781691
50,106.98446,97.0,159.03503623749725,80.08996376250164
51,106.23613,97.0,159.03503623749725,80.08996376250164
52,109.28294,100.0,159.06341145218198,80.18658854781691
53,106.19194,97.0,159.03503623749725,80.08996376250164
54,107.99986,97.0,159.03503623749725,80.08996376250164
55,122.17623,100.0,159.03503623749725,80.08996376250164
56,120.01818,100.0,158.96336346910059,79.91163653089829
57,111.02029,103.0,159.05227497590903,80.2185583574232
58,130.74388,103.0,159.08534575304805,80.31048758028422
59,113.950455,106.0,158.30980302267,79.66936364399557
60,112.84613,106.0,157.16704605988178,78.97878727345045
61,115.47837,103.0,156.31936531758973,78.28480134907585
62,113.76178,106.0,156.42877345692904,78.55039320973654
63,112.49264,114.0,155.74790015855612,78.1479331747761
64,110.489395,103.0,155.7849270457947,78.23590628753755
65,108.58421,106.0,149.90981158297168,79.15268841702719
66,107.48339,114.0,140.90385084640727,82.49198248692497
67,108.525185,106.0,140.90385084640727,82.49198248692497
68,129.74069,106.0,140.99053379909074,82.65529953424145
69,140.02663,100.0,140.99053379909074,82.65529953424145
70,149.04349,97.99999999999999,140.8806489163261,82.43185108367283
71,109.32332,97.0,140.68563080851465,82.08520252481756
72,107.75839,100.0,139.630817336043,81.51501599728924
73,105.74989,97.0,139.59475653116928,81.42607680216297
74,104.70495,97.99999999999999,139.63972050199254,81.56861283133968
75,105.24656,97.0,139.6731376473159,81.68102901934967
76,108.77627,110.0,139.90651379027042,82.13515287639515
77,184.67593,200.0,132.77105496345578,86.77061170320974
78,107.204185,97.0,132.7967909263185,86.89070907368044
79,160.54475,260.0,144.7543790042584,81.87062099574047
80,108.62018,97.0,144.7844001817332,81.98643315159904
81,106.81012,97.0,144.81418950584654,82.10247716081903
82,106.95808,97.0,142.8232833531051,81.46838331356051
83,106.76104,97.0,140.7582985981181,80.90836806854747
84,106.79055,97.0,137.29518650082784,80.91314683250441
85,106.80154,97.0,137.2831019556802,80.88356471098537
86,107.35515,97.0,135.82977901969542,80.33688764697015
87,109.37541,106.0,135.82977901969542,80.33688764697015
88,179.69005,145.0,137.14641388343404,80.64525278323154
89,108.70247,100.0,135.72786993587422,80.18879673079134
90,107.36451,100.0,135.114901681319,79.76009831867991
91,110.20766,100.0,135.114901681319,79.76009831867991
92,146.6796,139.99999999999997,136.19832723648818,80.05167276351071
93,110.57282,97.0,136.03558838967268,79.79774494365954
94,108.86767,97.0,136.02262799631396,79.76903867035163
95,108.61873,97.0,135.98137157291373,79.68529509375185
96,107.024284,97.0,135.93995750745137,79.60170915921422
97,107.951035,100.0,135.98137157291373,79.68529509375185
98,120.19934,100.0,136.02262799631396,79.76903867035163
99,122.11774,106.0,136.16591166355525,80.00075500311033
100,131.2528,100.0,136.16591166355525,80.00075500311033
101,134.58522,97.99999999999999,136.17871755890195,80.02961577443028
102,110.8999,97.99999999999999,136.1915053649995,80.05849463499939
103,110.60453,95.59,136.13399022148565,79.9322597785133
104,123.214424,107.0,136.25540066110614,80.10251600555945
105,112.06649,95.59,136.15043544964786,79.89873121701771
106,135.41302,97.99999999999999,136.07451851499093,79.76631481834131
107,117.20271,100.0,135.97153723062564,79.6192961027066
108,115.1632,100.0,135.86797284251412,79.47286049081816
109,122.66436,97.0,135.77739536279392,79.31343797053833
110,123.55178,100.0,135.67265897708634,79.16817435624591
111,185.06648,150.0,137.07142975044616,79.26940358288607
112,119.51645,94.0,136.9473123421035,79.01852099122878
113,109.74113,100.0,136.84399079613456,78.87184253719771
114,109.045364,93.5,136.47544925752294,78.38621740914263
115,105.21809,100.0,136.36964301707278,78.24202364959281
116,103.88381,93.5,136.1770975976487,77.91373573568359
117,103.387985,93.5,136.0901949011205,77.72980509887844
118,103.71451,94.0,136.03854273694657,77.61479059638569
119,104.18973,94.0,136.00071351526864,77.52761981806361
120,104.14033,93.5,135.91230886295492,77.34519113704403
121,105.29993,94.99999999999999,135.8860529585366,77.28811370812899
122,181.6367,97.99999999999999,135.8860529585366,77.28811370812899
123,105.4951,93.5,135.84184459907542,77.18648873425686
124,155.76875,97.99999999999999,135.6126366933494,76.91569663998284
125,107.29433,93.5,129.98432082158743,78.10651251174481
126,105.5234,93.5,129.9365381001759,78.008461899823
127,105.30577,93.5,112.5953468051037,88.41215319489521
128,105.57809,97.0,112.5953468051037,88.41215319489521
129,105.1285,93.5,112.55451910693,88.30714755973557
130,104.51072,93.5,112.51315998992224,88.20267334341004
131,185.17361,160.0,116.55112114526777,86.7897121880645
132,171.80582,200.0,124.35854447343577,83.27395552656316
133,105.750305,94.0,124.32177182534376,83.18572817465514
134,107.35269,130.0,125.3277775344207,83.55472246557821
135,185.32724,130.0,126.15065704828235,83.73184295171654
136,167.37111,104.99999999999999,124.47915065702885,83.73668267630343
137,177.34787,220.0,132.9519971885865,80.26383614474577
138,105.90564,93.5,132.86792590127942,80.07707409871945
139,108.58452,93.5,132.78304678337074,79.89111988329483
140,109.12203,93.5,131.40342996724056,79.33323669942503
141,106.54923,94.0,131.365036210805,79.24663045586058
142,105.88721,93.5,131.32073570064597,79.14509763268626
143,105.5179,93.5,131.27619592055856,79.04380407944032
144,105.39617,93.5,131.2314176496488,78.94274901701678
145,105.32693,93.5,131.13970765448096,78.76362567885131
146,105.28317,100.0,131.13970765448096,78.76362567885131
147,105.27567,100.0,131.02391520930894,78.62941812402332
148,105.42756,93.5,130.93074456447854,78.45175543552037
149,105.6068,93.5,130.86942899637916,78.32557100361974
150,105.86718,97.94999999999999,130.86865547228928,78.32426119437629
151,106.18756,100.0,130.93606396132984,78.44060270533572
152,107.612564,100.0,130.79655901747222,78.28844098252665
153,121.23467,100.0,130.86414360939665,78.40460639060224
154,121.00178,100.0,130.89663408896422,78.45544924436798
155,131.12964,110.0,131.10675085240976,78.66199914758911
156,155.17514,170.0,134.18417249294092,78.50124417372466
157,120.026024,170.0,137.14059632969924,78.58648700363298
158,116.831,170.0,139.91282051452586,78.73092948547303
159,118.94301,170.0,141.02366531444991,78.45341801888232
160,113.964836,170.0,143.69768667345832,78.94606332654061
161,110.91263,101.5,143.71849821958298,78.98775178041595
162,121.698586,250.0,152.54609202319668,76.68099131013551
163,122.62133,139.99999999999997,153.49076539529003,77.40298460470885
164,106.79765,97.0,153.52405618042272,77.5155271529095
165,106.42703,94.0,153.52837701761598,77.53203964904961
166,111.78887,100.0,153.59086107440413,77.71955559226144
167,116.51394,100.0,153.65282059509062,77.9075960715749
168,149.77757,120.0,154.06610246831397,78.59848086501826
169,106.26907,100.0,154.11699078029932,78.75592588636626
170,118.97278,120.0,154.4799775209314,79.30960581240083
171,145.91545,120.0,154.87540747480256,80.01834252519632
172,104.58133,99.0,154.88546280838085,80.0499538582847
173,102.88751,99.0,154.93345088074983,80.23113245258239
174,100.6434,82.5,154.88847487216532,79.81777512783357
175,100.68198,82.5,154.8411774237221,79.40673924294347
176,182.50436,200.0,158.70843474728042,79.83114858605181
177,97.82133,82.5,158.66372251959243,79.41752748040646
178,157.09488,160.0,160.29890876706457,80.55317456626763
179,100.692276,84.0,158.61952317428188,79.0658934923837
180,100.78398,84.0,154.6611319183018,78.1909514150304
181,101.38322,84.0,154.60453493228417,77.83088173438139
182,104.15485,84.0,153.86835953513602,76.65039046486284
183,104.83974,84.0,153.1067504065674,75.49533292676485
184,103.821236,84.0,152.89406946164968,74.83301387168252
185,104.23261,100.0,147.16031101390845,75.56677231942373
186,107.166664,100.99999999999999,147.25324154742242,75.78634178590983
187,125.50274,139.99999999999997,148.35315001347342,76.62393331985879
188,108.1159,93.0,148.3484379583225,76.60781204167641
189,106.30731,100.99999999999999,148.43172373025396,76.8161929364116
190,109.66036,100.99999999999999,148.5190464057086,77.04137026095697
191,132.53899,139.0,149.5480215663759,77.90822843362298
192,155.09268,110.0,149.7724931873933,78.3712568126056
193,112.650154,110.0,149.9931731380495,78.83807686194939
194,107.71871,110.0,150.144529223142,79.10338744352354
195,105.70249,92.95,150.07390359284418,78.88026307382134
196,102.61742,92.95,150.06942911817592,78.86182088182295
197,101.63005,92.95,150.06494950851388,78.84338382481832
198,101.53799,82.5,149.96455973695953,78.3000235963727
199,104.19333,92.0,149.88352807496338,78.04772192503549
200,107.478325,114.0,150.116169895458,78.3984134378742
201,113.048676,125.0,150.6070609261524,78.94918907384647
202,185.87938,125.0,151.0901873337351,79.50772933293047
203,192.22527,145.0,152.06478468274102,79.99146531725782
204,131.0778,145.0,150.92261019022587,80.09197314310634
205,109.04053,145.0,149.76137246904958,80.21154419761602
206,112.42868,145.0,148.5799979555964,80.35125204440246
207,175.04333,139.99999999999997,147.18197313328668,80.49927686671221
208,190.97092,139.99999999999997,145.75333660048113,80.67791339951773
209,178.9938,139.99999999999997,146.7345113712033,81.30090529546224
210,150.75787,139.99999999999997,137.91687364547545,85.53520968785675
211,105.3316,100.0,136.79960175092987,84.9858149157357
212,101.56915,73.04999999999998,136.79973260910734,83.98776739089155
213,98.71857,100.0,136.85959811190799,84.1779018880909
214,97.070366,100.0,136.85959811190799,84.1779018880909
215,95.792656,75.5,136.79101139156566,83.22565527509988
216,94.784035,100.0,136.37116687120675,82.81216646212549
217,94.117775,100.0,136.37116687120675,82.81216646212549
218,93.06369,82.0,135.82581114572503,81.77418885427385
219,92.26909,82.0,135.2547489346534,80.76191773201214
220,91.409225,92.95,135.18520143595424,80.57938189737798
221,90.860916,92.95,135.1149442596871,80.39755574031179
222,90.21752,82.0,135.11444175520322,80.37722491146235
223,90.011635,82.0,135.11393161311778,80.35690172021438
224,88.93585,82.0,129.28500746472358,81.26915920194199
225,88.44531,82.0,129.28478999523355,81.24854333809866
226,87.48778,82.0,126.48793907859131,80.79539425474087
227,88.07777,82.0,126.48464829659564,80.71535170340326
228,87.05634,100.0,126.64226946299705,81.2243972036685
229,138.29456,160.0,129.4240685591251,81.60926477420709
230,92.77003,84.5,129.42501780814555,81.62914885851998
231,92.15727,94.94999999999999,129.49501743377016,82.01539923289535
232,92.01516,100.0,129.62786648113254,82.54921685219966
233,93.13969,94.94999999999999,129.56170273296308,82.40496393370245
234,95.55475,100.0,129.54580752070876,82.37919247929007
235,97.23102,100.0,128.18495892667994,82.07337440665225
236,97.5698,94.94999999999999,128.20546644994423,82.13411688338796
237,98.495636,94.94999999999999,128.11924272195506,81.96825727804378
238,98.763214,94.94999999999999,128.03224849696733,81.8031681696982
239,97.43035,94.94999999999999,126.6013462223632,81.39865377763564
240,95.76548,94.94999999999999,126.307181132461,81.06573553420445
241,95.26391,84.95,125.9250776590209,80.4040890076446
242,95.344215,84.95,125.52997132832216,79.75544533834332
243,95.75675,84.95,125.46429488706572,79.48778844626639
244,101.30308,84.95,125.39694800497259,79.22180199502621
245,154.85043,145.0,127.24218236070514,79.54531763929364
246,103.74352,84.95,127.25013756988753,79.6394457634446
247,102.922325,84.95,127.19694174766096,79.39889158567117
248,107.49054,69.99,126.7012507782588,78.0608325550733
249,142.816,250.0,137.19245926725995,72.7779573994055
250,161.17656,250.0,145.92068731585553,69.25806268414324
251,152.41093,250.0,152.9756117898487,66.57813821015009
252,144.88063,250.0,159.4322407667625,64.49650923323628
253,150.8898,150.0,159.6158651472549,64.52121818607722
254,116.127785,88.99999999999999,158.31080178559625,63.492948214402546
255,121.420425,150.0,158.67145151669033,63.548965149975125
256,109.010666,100.0,157.67129527290322,62.88245472709556
257,102.50388,100.0,156.6555301139501,62.23155321938203
258,99.65102,100.0,155.62397433406932,61.59644233259614
259,98.442825,100.0,155.62397433406932,61.59644233259614
260,97.28385,82.6,155.6892603341154,61.92907299921672
261,96.733345,100.0,155.6892603341154,61.92907299921672
262,98.34454,100.0,155.6892603341154,61.92907299921672
263,159.83372,100.0,155.96207268143647,62.67709398522898
264,100.921196,100.0,155.96207268143647,62.67709398522898
265,98.923615,100.0,155.96207268143647,62.67709398522898
266,96.157394,77.6,155.92952586752418,62.526307465807974
267,95.09583,77.6,155.89672078666715,62.375779213331654
268,95.62693,77.6,155.74217783787338,61.89073882879215
269,94.19863,77.6,155.58483703515464,61.40849629817757
270,93.26327,75.0,155.53355523551443,61.16811143115113
271,92.475655,100.0,155.76598245169055,61.685684214975026
272,91.61655,75.0,155.7155210954057,61.444478904593154
273,91.20003,78.0,155.68368752609283,61.30964580723938
274,90.88424,75.0,155.63220804933252,61.06945861733302
275,91.470795,82.5,155.63675049803481,61.08574950196404
276,92.194756,94.84999999999998,155.55467564782634,60.95324101883921
277,169.6995,180.0,156.52175221970168,60.81949778029721
278,98.205246,100.0,156.7302493181349,61.256834015197285
279,98.56594,106.0,156.91791743076828,61.52958256923059
280,100.43794,100.0,156.91791743076828,61.52958256923059
281,103.62173,100.0,156.99653191571252,61.66138475095303
282,106.49827,100.0,156.99653191571252,61.66138475095303
283,108.04226,99.9,156.99486716728038,61.658882832718504
284,110.60258,107.99999999999999,157.22019151556668,61.97730848443217
285,140.76878,110.0,157.48475282428637,62.339830509045846
286,118.200584,94.84999999999998,157.48334085845525,62.33707580821034
287,112.64372,94.84999999999998,157.48192878997602,62.3343212100229
288,111.36933,100.0,157.55892938118373,62.4677372854819
289,108.27453,100.0,157.75314732923897,62.900602670759966
290,104.745926,94.84999999999998,157.86812788936825,63.19812211063071
291,101.65491,94.84999999999998,157.98201253991718,63.49673746008182
292,100.72193,94.84999999999998,158.09479484021682,63.79645515978222
293,101.13322,94.84999999999998,156.8344783370256,62.96718832964013
294,104.5232,125.0,157.5717449437305,63.89867172293523
295,109.43641,125.0,158.29359538227473,64.84557128439094
296,113.22239,118.0,158.8969661969026,66.24261713642977
297,116.52603,244.83999999999997,158.4686568247763,66.45592650855608
298,120.84183,244.83635999999998,158.0375358543796,66.67189581228615
299,122.524155,101.99999999999999,150.21501387858422,68.32775112141488
300,121.11417,101.99999999999999,141.49277145900533,70.88332687432708
301,120.97607,101.99999999999999,139.90022536089506,70.47587297243734
302,160.33685,150.0,141.67870599408863,71.23905900591045
303,113.519806,101.99999999999999,140.09269428045698,70.82507071954211
304,107.50476,101.99999999999999,140.12885646045123,70.87224187288119
305,118.167244,139.99999999999997,141.3065913239769,71.36117367602219
306,121.07993,139.99999999999997,142.46087842627287,71.87355324039288
307,104.537155,100.0,142.46087842627287,71.87355324039288
308,102.47427,86.0,142.48473761909514,71.99136071423723
309,99.78373,100.0,142.48473761909514,71.99136071423723
310,98.48841,100.0,142.48473761909514,71.99136071423723
311,97.69497,94.99999999999999,142.40979341179482,71.85797158820426
312,97.40066,106.0,142.51960390283537,71.99816109716369
313,97.73356,102.5,142.56258225923858,72.05934940742716
314,97.914474,102.5,142.8170328899469,72.84239877671882
315,98.22836,102.5,143.06155550777075,73.63537615889494
316,98.71758,102.5,143.2959128812285,74.4385187854372
317,99.25543,102.5,143.51985093055947,75.25208073610621
318,99.274155,102.5,143.73222145213836,76.18554354786066
319,99.52251,102.5,143.77054486987132,76.25138679679438
320,99.71302,102.5,143.96792218801437,77.19984281198462
321,100.03113,102.5,144.1552865011787,78.03331183215369
322,100.74631,102.5,144.32523295322252,79.00919871344314
323,101.48917,102.5,144.48845398497662,79.67931101502236
324,151.8382,240.0,152.2903243422983,77.92535732436733
325,105.875496,102.5,149.4607599348585,77.52575506514053
326,106.05903,102.5,149.49469391248275,77.59598775418289
327,130.80035,145.0,150.57277465640345,78.14290701026218
328,108.680695,106.0,150.6574949451175,78.30818672154818
329,122.32939,145.0,151.79423257781312,79.04644908885255
330,107.982956,94.99999999999999,151.74228784290213,78.89006049043019
331,107.457085,100.0,151.74347356176452,78.89304143823448
332,107.307274,94.99999999999999,151.5763934410045,78.51845489232781
333,107.650406,100.0,151.42592958239408,78.25225208427156
334,108.31737,92.47999999999999,151.40569198412447,78.17373968254117
335,108.663574,92.47999999999999,151.38536327539987,78.09531839126575
336,109.12184,92.47999999999999,151.30904294874372,77.85830538458853
337,117.72289,100.0,151.30904294874372,77.85830538458853
338,122.50018,100.0,151.36494367270245,78.01698799396311
339,135.08116,100.0,151.4204512640402,78.17606373595869
340,113.94238,94.99999999999999,151.42184420568736,78.18092079431153
341,120.95515,97.99999999999999,151.45376193432654,78.28025306567233
342,109.25929,92.47999999999999,150.88556400723786,77.49345099276098
343,107.316734,92.47999999999999,150.30430263969228,76.71971236030654
344,108.33901,92.47999999999999,149.89060154906062,76.07008011760485
345,120.770744,357.75832999999994,162.88902654201573,67.7765855413164
346,130.78235,100.0,155.90969509223058,68.72106865776816
347,161.97711,139.99999999999997,156.8548174704618,69.3592796128703
348,128.12248,163.0,158.67863872416228,70.0771250258365
349,117.49661,163.0,160.45884876877585,70.8385816478896
350,118.83973,163.0,160.9803046542023,70.8587924291298
351,160.16333,163.0,162.70808151678625,71.67268223321251
352,119.85773,163.0,164.39542316995028,72.52700724671516
353,163.42963,150.0,164.7260381466212,72.61305893671091
354,124.01007,101.5,163.87979844437308,71.85513197229233
355,159.71883,139.99999999999997,164.74485827167,72.65673881166211
356,110.71582,110.0,165.01192029400258,73.3896767893295
357,106.900215,106.0,165.0915777294484,73.56001935388372
358,103.70552,100.0,165.0915777294484,73.56001935388372
359,101.09697,100.0,165.1448607696354,73.71506964703008
360,99.52917,77.0,164.9120834653731,72.73951361795902
361,98.95242,100.0,164.88025111682776,72.6671792998377
362,99.63387,97.0,164.81378065138966,72.50448309860911
363,172.10884,220.0,169.4504674591389,72.76362962419319
364,99.11553,97.0,169.3874153799328,72.59751503673263
365,141.9591,200.0,172.65630550273903,73.39112491392639
366,98.9544,97.0,172.59643055760102,73.22183319239778
367,97.13245,97.0,172.53622587606893,73.05287120726322
368,94.95678,97.0,172.47569253839328,72.88423787827217
369,94.73498,97.0,172.41483161362484,72.71593213637394
370,94.761406,97.0,172.35364415974547,72.54795292358665
371,95.2129,97.0,172.29213122379682,72.38029919286862
372,96.03187,97.0,166.32105316644476,72.39304391688738
373,97.37991,97.0,166.25515716922268,72.22977324744272
374,99.31305,94.99999999999999,166.16814826518203,72.00428215148342
375,100.97983,94.99999999999999,165.09405482366947,70.99504225966265
376,102.23933,100.0,165.00968811741225,70.82940896591988
377,103.525276,100.0,163.9694145204017,69.99468256293044
378,104.861725,94.99999999999999,163.9694145204017,69.99468256293044
379,107.38633,94.99999999999999,163.90921820271126,69.8465455472875
380,110.995026,94.99999999999999,163.90921820271126,69.8465455472875
381,141.5561,97.99999999999999,163.88370553015977,69.78872488650569
382,116.20411,94.99999999999999,163.90984694890577,69.86758346775972
383,111.119125,94.99999999999999,163.93591368549082,69.94651673117465
384,111.54042,94.99999999999999,163.96190561382366,70.02552480284182
385,108.57935,94.99999999999999,163.90175363126664,69.87734345206555
386,107.82631,94.99999999999999,163.84132498196846,69.72943876803035
387,116.96454,240.0,169.9275111611262,69.47658592220597
388,106.42729,123.0,170.3802738363808,70.19048991361802
389,104.17931,123.0,170.79432560367871,70.81810481298676
390,105.56814,123.0,171.25599132464194,71.62810575869025
391,108.71805,123.0,171.70872751198897,72.44703623800991
392,112.57084,123.0,172.1524349537769,73.27499546288863
393,117.139084,235.88,159.34903261367037,81.00013405299524
394,123.94694,195.0,162.6642607781905,81.64323922180837
395,193.64056,195.0,165.08343351485868,81.51573315180688
396,134.68616,195.0,166.64274951869834,81.28975048130056
397,116.539894,158.0,166.44728488635297,81.27688178031265
398,153.89284,158.0,166.2513633182691,81.26447001506315
399,117.506966,149.0,165.73205271631628,81.20044728368264
400,128.87915,225.0,169.15142093360345,80.36441239972879
401,108.89758,123.0,168.43306102693234,79.9577723063999
402,105.2928,123.0,168.75495872885358,80.531707937812
403,103.53833,123.0,168.3430796637417,80.23525366959055
404,101.81965,123.0,168.56412978684062,80.55587021315823
405,103.11243,123.0,168.83406977051843,80.99426356281381
406,155.00554,145.0,169.70867762190986,81.99465571142238
407,103.01067,94.99999999999999,169.67310298813877,81.82189701186016
408,100.87539,106.0,169.78924189645147,82.91409143688077
409,98.83389,96.49999999999999,169.76441276933818,82.79308723066072
410,97.53679,96.49999999999999,169.76121811865886,82.77544854800675
411,96.56431,96.49999999999999,165.12965869651322,82.26117463681905
412,96.51993,96.49999999999999,165.1261583876451,82.24384161235379
413,96.450066,96.49999999999999,161.58409594569167,81.47340405430721
414,96.74051,96.49999999999999,161.58025834275153,81.45640832391405
415,96.364204,96.49999999999999,161.57641689390562,81.43941643942664
416,95.9744,96.49999999999999,161.57257160104697,81.42242839895192
417,95.75473,111.99999999999999,161.74822932606529,81.87177067393361
418,95.75853,96.49999999999999,161.74448591645574,81.85468075020981
419,96.2263,96.49999999999999,161.74073861843962,81.8375947148926
420,96.85946,96.49999999999999,161.73698743396398,81.8205125660349
421,97.99967,139.0,162.51758465369488,82.78991534630401
422,98.9159,139.0,163.29045458945703,83.8503787438752
423,101.56682,96.49999999999999,163.29933213922163,83.90400119411059
424,166.51231,145.0,164.19893801144144,84.87939532189081
425,106.503334,139.0,164.8973413815041,85.80599195182816
426,104.94393,139.0,165.60489481883678,86.93177184782878
427,107.20902,97.0,165.6137818547319,87.00621814526698
428,106.84269,97.0,165.62259638021715,87.08073695311508
429,106.91719,97.0,165.6173858392566,87.04428082740898
430,107.03969,97.0,165.62616336067612,87.11883663932275
431,107.14923,100.0,165.6518618871965,87.30147144613575
432,107.00024,100.0,165.67711948405858,87.48454718260705
433,106.91967,97.0,165.68546447552674,87.5595355244721
434,106.98153,97.0,165.69373559016182,87.63459774317045
435,106.375305,100.0,159.19391568770584,88.30108431229307
436,105.990204,100.0,158.88014056329084,87.65652610337473
437,105.74716,99.0,158.5520566825999,86.98460998406567
438,105.9028,100.0,158.2233975959843,86.35493573734794
439,106.28912,102.95,157.91362152610668,85.82929514055887
440,107.89102,102.95,157.5985935817953,85.30890641820358
441,110.37841,102.95,150.7362033015598,86.63254669843906
442,141.19252,225.0,153.124961636939,85.49378836305988
443,115.551796,102.95,149.38443402305262,85.39889931027956
444,112.75395,102.95,145.40836533089006,85.53955133577547
445,116.13803,102.95,143.64575786711328,85.00840879955227
446,114.08372,102.95,141.82307856046958,84.53733810619592
447,111.73488,102.95,140.40596566221274,84.03570100445276
448,109.42172,102.95,132.45985971960368,86.89639028039512
449,106.82695,100.0,131.93636890086867,86.46154776579685
450,104.53781,97.99999999999999,131.37897770271016,85.97727229728866
451,102.80958,100.0,130.8337190457455,85.56419762091998
452,102.0108,100.0,130.2778744742762,85.16170885905599
453,101.877754,100.0,129.7113356200621,84.76991437993674
454,102.13112,100.0,128.093378546032,84.51287145396681
455,102.83307,100.0,128.154269910113,84.66031342321915
456,103.56119,100.0,128.04889572156299,84.51568761176915
457,104.26245,100.0,128.09418998747773,84.61622667918779
458,104.413925,97.99999999999999,128.11204560981824,84.66087105684727
459,104.49334,96.49999999999999,128.11204560981824,84.66087105684727
460,104.27385,96.49999999999999,128.11204560981824,84.66087105684727
461,103.959694,96.49999999999999,128.11204560981824,84.66087105684727
462,103.75423,96.49999999999999,128.11204560981824,84.66087105684727
463,103.72222,96.49999999999999,128.11204560981824,84.66087105684727
464,103.74625,96.49999999999999,128.11204560981824,84.66087105684727
465,103.78291,96.49999999999999,127.8190881337778,84.30799519955438
466,103.8304,96.49999999999999,127.8190881337778,84.30799519955438
467,104.05112,96.49999999999999,127.8190881337778,84.30799519955438
468,104.00356,96.49999999999999,127.8190881337778,84.30799519955438
469,104.82663,96.49999999999999,126.42354980470272,83.93270019529609
470,178.333,180.0,129.38603411033472,82.67854922299746
471,106.9439,111.99999999999999,129.68148618156368,83.02893048510184
472,140.5834,220.0,135.92908423210338,79.90633243456212
473,154.84207,160.0,137.01878006882734,79.69163659783817
474,159.99692,145.0,137.29295805916598,79.66745860749951
475,106.947395,97.0,137.29295805916598,79.66745860749951
476,118.686,97.99999999999999,137.30567429048705,79.69640904284512
477,121.58814,97.99999999999999,137.31837284085248,79.72537715914635
478,126.0001,104.99999999999999,137.44005085846428,79.93703247486789
479,134.97853,104.99999999999999,137.52111741307235,80.06429925359316
480,113.03419,97.0,137.48140764148545,79.97900902518006
481,109.67841,100.0,137.52111741307235,80.06429925359316
482,107.6256,100.0,137.56067011546065,80.14974655120487
483,104.99145,100.0,137.56067011546065,80.14974655120487
484,104.20197,97.0,137.52111741307235,80.06429925359316
485,104.92719,97.0,137.4954018712699,80.00668146206223
486,107.73768,100.0,137.4954018712699,80.00668146206223
487,110.943375,99.0,137.43571654777816,79.90178345222068
488,112.997955,99.0,137.37577324609998,79.79714342056553
489,112.34554,99.0,137.31557256655924,79.69276076677296
490,110.42344,99.0,129.03583206740095,82.7225012659312
491,111.020966,99.0,128.97118305559638,82.62256694440245
492,175.02737,225.0,137.19440143155666,79.48476523510887
493,195.23961,225.0,144.27310848547614,77.49147484785604
494,114.8134,100.0,144.22927097523802,77.41239569142749
495,153.05313,225.0,150.58696391375096,76.14011941958125
496,109.66527,99.0,150.53253960354164,76.02996039645726
497,119.83447,250.0,158.4970404529804,74.31545954701848
498,102.36225,97.0,158.4857577456994,74.28507558763283
499,99.79267,100.0,158.4857577456994,74.28507558763283
500,97.88576,100.0,158.4857577456994,74.28507558763283
501,96.581505,100.0,158.4857577456994,74.28507558763283
502,95.53917,97.0,158.45031837019022,74.19551496314202
503,94.916794,97.0,158.41476698648282,74.10606634684942
504,94.22018,100.0,158.41476698648282,74.10606634684942
505,148.72523,97.0,158.37910380925575,74.01672952407647
506,97.57578,97.0,158.36769557733948,73.9864710893261
507,146.39488,97.0,158.3732121370482,74.00178786295069
508,97.27315,97.0,158.3787255003591,74.01710783297312
509,96.41609,97.0,158.38423566615737,74.0324310005082
510,93.70287,97.0,158.38974263332688,74.04775736667202
511,93.71782,97.0,158.39524640075038,74.06308693258187
512,91.92258,97.0,158.40074696730917,74.07841969935636
513,91.04505,97.0,158.4062443318836,74.09375566811525
514,90.059875,97.0,158.41173849335257,74.10909483997966
515,88.78114,97.0,158.41722945059368,74.12443721607191
516,164.23064,260.0,166.53523160443353,72.81893506223204
517,169.41563,160.0,168.0857072771184,73.9142927228805
518,97.38196,77.0,165.5391633833739,72.16916994995833
519,151.73836,145.0,166.36635479631644,72.7169785370158
520,100.5947,110.0,161.68426892971692,72.815731070282
521,130.47197,145.0,161.11673178684586,72.75826821315303
522,101.91345,100.0,160.04832935706182,71.95167064293706
523,103.518135,100.0,160.08541775011398,72.03958224988492
524,123.21909,97.99999999999999,160.08541775011398,72.03958224988492
525,105.521034,100.0,160.11056832056337,72.09776501276889
526,102.54899,100.0,160.03915086045478,71.96084913954411
527,102.765274,94.99999999999999,159.9075480803601,71.67578525297215
528,100.140976,94.99999999999999,159.8849477967351,71.61505220326377
529,98.75116,100.0,159.8849477967351,71.61505220326377
530,97.99044,100.0,159.8849477967351,71.61505220326377
531,97.86375,100.0,159.8849477967351,71.61505220326377
532,98.60006,100.0,159.9224478575894,71.70255214240947
533,102.07308,125.0,160.43679085829604,72.35487580836956
534,104.61743,93.9,160.36678950024555,72.17071049975337
535,106.991875,90.0,160.27330982521067,71.88919017478818
536,108.41572,90.0,160.1788197968757,71.60868020312321
537,109.091675,90.0,160.08332576804335,71.32917423195553
538,111.08094,97.5,160.06461686144223,71.28538313855663
539,150.5786,250.0,167.17694125940727,70.46472540725826
540,110.52713,97.5,162.0002309376959,70.32893572896961
541,105.31616,99.0,156.52927403011475,70.5498926365508
542,103.575645,99.0,156.5153834963627,70.52211650363621
543,101.02664,99.0,150.66473485958574,71.12276514041316
544,100.35154,99.0,150.66473485958574,71.12276514041316
545,100.234184,99.0,141.84953570592302,73.6462976274092
546,100.75219,97.5,141.8566756735981,73.65999099306745
547,100.68704,92.49999999999999,141.75387522166153,73.45029144500401
548,100.40313,92.49999999999999,141.6502623008251,73.24140436584044
549,100.14755,92.49999999999999,141.5458406563309,73.03332601033462
550,100.14278,100.0,141.59190082627038,73.11226584039517
551,100.35249,92.49999999999999,141.53324093028283,72.98342573638273
552,100.768425,100.0,141.53324093028283,72.98342573638273
553,101.234886,100.0,141.57936827444456,73.06229839222098
554,101.54545,92.49999999999999,141.52060197896918,72.93356468769636
555,102.64691,92.49999999999999,141.46153855525176,72.80512811141378
556,177.08844,94.99999999999999,141.4336441641696,72.7496891691626
557,162.79163,92.49999999999999,141.37415468433682,72.62167864899541
558,156.63606,92.49999999999999,141.31437023956582,72.4939630937664
559,106.594955,92.49999999999999,141.25429170246295,72.36654163086924
560,105.935295,92.49999999999999,141.19391993468506,72.23941339864717
561,176.14865,92.49999999999999,141.1332557870659,72.11257754626631
562,106.93166,92.49999999999999,141.07230009974091,71.98603323359134
563,105.205795,92.49999999999999,141.01105370226912,71.85977963106309
564,104.93926,93.0,129.13270446993005,76.77979553006885
565,105.19113,93.0,126.38162190753346,76.73921142579877
566,106.429306,93.0,126.4844713624766,77.3030286375223
567,107.09975,100.0,124.71224280493747,77.20025719506141
568,107.71995,97.0,124.41019489428476,76.96063843904747
569,126.932175,97.99999999999999,122.51538783149924,76.89711216849962
570,121.85133,100.0,122.51538783149924,76.89711216849962
571,124.48189,97.99999999999999,122.47499985626564,76.8541668103999
572,119.63124,97.99999999999999,122.47499985626564,76.8541668103999
573,125.49049,97.99999999999999,122.43453408375716,76.81129924957506
574,111.43947,97.0,122.37508850050716,76.74574483282508
575,109.582756,97.0,122.41007455684513,76.7940921098204
576,109.32711,97.0,122.44498089481043,76.84251910518843
577,115.08506,97.99999999999999,122.40447672751141,76.79968993915416
578,116.95891,97.99999999999999,122.3638947476078,76.75693858572444
579,122.637634,97.99999999999999,122.32323496620295,76.71426503379591
580,128.57794,97.99999999999999,122.28249739360207,76.67166927306349
581,137.37682,97.99999999999999,121.40792030970577,76.42124635695976
582,145.16306,100.0,121.5232982548001,76.56003507853214
583,151.98125,100.0,121.6923611607022,76.80763883929667
584,121.348434,97.99999999999999,121.81854095500505,77.0147923783272
585,114.35883,97.99999999999999,121.9433787537922,77.22328791287336
586,115.07613,106.0,122.13726392983193,77.3835694035003
587,147.43654,225.0,118.052206297735,80.42696036893057
588,166.72423,150.0,120.518732873824,80.14793379284158
589,183.91045,150.0,122.81414880369562,79.97751786296995
590,163.97792,97.99999999999999,122.796181603168,79.95381839683087
591,162.58313,100.0,122.81514216390605,79.97652450275953
592,160.96037,101.99999999999999,122.87487926669101,80.04178739997455
593,139.97855,101.99999999999999,122.93442971339957,80.10723695326602
594,115.79967,106.0,123.11270067888792,80.28313265444429
595,106.40363,100.0,123.22773314423279,80.48060018909945
596,103.54612,100.0,123.34151712188255,80.67931621144965
597,117.56975,145.0,125.26699694843788,80.94133638489436
598,100.7359,100.0,125.26699694843788,80.94133638489436
599,98.993324,92.49999999999999,125.26699694843788,80.94133638489436
600,96.8608,93.5,125.170773640261,80.7667263597379
601,95.63087,100.0,125.170773640261,80.7667263597379
602,94.282936,100.0,125.27811802652565,80.97188197347323
603,93.866264,100.0,125.38422617630638,81.1782738236925
604,93.36243,100.0,125.46029879769048,81.31053453564175
605,92.342415,130.0,126.51005383947269,81.82327949385956
606,165.04321,99.0,126.5928932857024,82.01127338096319
607,171.7445,94.99999999999999,126.61972023907593,82.08861309425632
608,98.72409,94.99999999999999,126.64639394420315,82.16610605579575
609,98.292435,94.99999999999999,126.6729138752158,82.24375279144977
610,179.94818,94.99999999999999,126.69927950063247,82.32155383269975
611,95.52612,92.49999999999999,126.69927950063247,82.32155383269975
612,169.78651,94.99999999999999,126.72074042547143,82.38342624119414
613,99.880165,92.49999999999999,126.71598412198489,82.36734921134735
614,157.90384,240.0,137.0946913500049,78.11364198332738
615,101.82505,92.49999999999999,136.9993934961029,77.89643983722935
616,100.96507,92.49999999999999,136.94660358379676,77.76172974953549
617,104.279526,100.0,136.97622475631618,77.81544191034939
618,131.72707,150.0,138.62602554311607,78.24897445688283
619,107.72581,104.0,138.7192932786354,78.40570672136349
620,120.19864,97.99999999999999,138.7192932786354,78.40570672136349
621,104.3323,97.0,138.70625654070258,78.37707679262967
622,105.09908,97.0,138.70625654070258,78.37707679262967
623,117.47872,100.0,138.74743420708887,78.46089912624338
624,121.05183,100.0,138.7884643393612,78.54486899397101
625,104.7664,100.0,138.81644232326562,78.60022434339997
626,101.73696,97.0,138.80352121864442,78.57147878135451
627,99.668205,100.0,138.8314671253872,78.62686620794503
628,99.21458,97.0,138.8185622684329,78.59810439823266
629,100.67057,109.0,139.00632619108904,78.86867380890983
630,104.6467,100.0,139.00632619108904,78.86867380890983
631,107.47404,97.0,138.96590836044555,78.78409163955335
632,108.661125,97.0,138.95310959241596,78.75522374091629
633,109.09927,97.0,138.9402939573065,78.72637270935907
634,109.54588,106.0,138.9402939573065,78.72637270935907
635,109.97666,106.0,131.11707611601165,81.59125721732059
636,110.66583,139.0,130.52361785410775,81.72638214589114
637,110.49297,139.0,129.9224051337706,81.86926153289498
638,110.74621,97.0,129.90899631194742,81.84100368805149
639,151.40402,225.0,138.0071840748169,78.95114925851531
640,108.611145,139.0,139.08661180922869,79.4133881907702
641,104.31908,110.0,139.23425631575725,79.59907701757497
642,101.81588,106.0,139.23425631575725,79.59907701757497
643,100.25806,109.0,139.3895619049849,79.81877142834733
644,99.601776,100.0,139.3895619049849,79.81877142834733
645,99.65198,100.0,138.0193158517689,79.31401748156331
646,100.00913,100.0,138.0193158517689,79.31401748156331
647,100.37386,97.99999999999999,138.0801328212571,79.4823671787418
648,100.23691,94.99999999999999,138.09553281146924,79.52946718852965
649,100.198265,92.49999999999999,138.00723611013922,79.30526388985969
650,99.94245,100.0,138.00723611013922,79.30526388985969
651,100.181694,92.49999999999999,137.917934897207,79.08206510279192
652,99.72916,100.0,137.917934897207,79.08206510279192
653,98.646935,100.0,137.14474692589042,78.60525307410849
654,97.921135,100.0,137.15948414563863,78.63218252102695
655,96.83872,92.49999999999999,137.13305460698905,78.55444539300984
656,96.70361,92.49999999999999,137.10650811391488,78.47682521941735
657,96.54097,92.49999999999999,137.0798449717965,78.39932169486906
658,96.076996,92.49999999999999,137.05306548356427,78.32193451643462
659,96.49889,92.49999999999999,137.05306548356427,78.32193451643462
660,97.550354,92.49999999999999,137.02616994972132,78.24466338361091
661,98.58278,92.49999999999999,137.02616994972132,78.24466338361091
662,99.86439,92.49999999999999,126.61408965658217,82.51091034341674
663,100.90121,100.0,126.70953778351809,82.7279622164808
664,102.85418,92.75,126.7118200465817,82.73609662008387
665,105.606224,100.0,126.7118200465817,82.73609662008387
666,108.39337,100.0,124.63980565349657,82.7247776798357
667,141.92442,139.99999999999997,126.03562693314409,82.82895640018812
668,112.01694,97.99999999999999,126.03562693314409,82.82895640018812
669,109.608604,97.0,126.03562693314409,82.82895640018812
670,111.54104,100.0,126.08049970333616,82.90908362999606
671,106.74438,100.0,126.08049970333616,82.90908362999606
672,104.597336,97.0,126.03562693314409,82.82895640018812
673,103.04429,106.0,126.15179202438871,82.96279130894352
674,101.89355,97.0,126.15179202438871,82.96279130894352
675,101.24804,97.0,126.10709667132895,82.88248666200327
676,101.17868,97.0,126.10709667132895,82.88248666200327
677,102.17426,97.0,125.87327278993692,82.61631054339531
678,104.14919,97.0,125.8276279772332,82.53695535609903
679,106.60212,97.0,125.8276279772332,82.53695535609903
680,108.387985,97.0,125.8276279772332,82.53695535609903
681,109.487976,97.0,125.8276279772332,82.53695535609903
682,111.45406,97.0,125.6630158758747,82.32656745745753
683,145.96701,225.0,134.30715447394527,78.6407621927203
684,117.01132,97.0,133.04536353448142,78.1525531321842
685,113.45925,96.0,131.734758175847,77.6714918241519
686,118.11293,96.0,131.72037255344702,77.64421077988524
687,115.20683,96.0,122.4221727476404,81.56741058569185
688,111.39384,96.0,120.79888405297098,81.39903261369459
689,107.97979,100.0,120.54724549762392,81.23400450237496
690,104.45577,100.0,120.40813522937277,81.12311477062613
691,102.11655,100.0,120.183280385395,80.97296961460391
692,100.87193,100.0,120.183280385395,80.97296961460391
693,100.204605,100.0,120.183280385395,80.97296961460391
694,100.03497,78.75,119.99221505853235,80.27861827479991
695,100.768,93.5,119.91937344963506,80.16395988369717
696,102.397736,93.5,119.89739508120479,80.12343825212744
697,173.76442,139.99999999999997,121.67163489811612,80.32836510188277
698,105.60471,114.99999999999999,122.08184499421374,80.54315500578517
699,103.017235,125.0,122.9939495418625,80.98521712480304
700,101.889175,125.0,123.7727696677141,81.24806366561812
701,187.12926,180.0,128.19530327536273,80.15886339130286
702,175.35637,220.0,135.92678592925122,77.42738073741438
703,102.37743,77.0,135.84825340420713,76.86007992912509
704,100.191505,77.0,135.76413104817328,76.2983689518256
705,96.8587,81.45,135.68332042845987,75.91876290487234
706,96.88917,81.45,135.59996428434573,75.54170238231983
707,96.64192,81.45,135.5140997825208,75.16715021747807
708,97.15072,81.45,135.42576275297458,74.79507058035763
709,97.51955,85.0,135.35509896152323,74.55323437180894
710,98.48793,94.24999999999999,135.37734987347932,74.60390012651958
711,99.764786,94.24999999999999,135.2889687297083,74.45269793695724
712,101.68814,100.0,135.39651256240006,74.64723743759883
713,103.17082,100.0,135.39651256240006,74.64723743759883
714,105.19696,100.0,135.39651256240006,74.64723743759883
715,106.80929,100.0,134.12872714267777,74.24835619065443
716,109.07634,99.0,134.1455103129073,74.27323968709153
717,135.00795,99.0,134.17831964138804,74.32376369194417
718,156.70032,99.0,134.16085643356078,74.29956023310476
719,177.28659,107.0,134.30269311610624,74.44939021722595
720,176.20918,99.0,134.33526257967216,74.50015408699338
721,156.38184,99.0,134.1986116161761,74.3451383838228
722,112.692276,99.0,134.23132926616313,74.39575406716908
723,107.5959,84.74999999999999,134.0918595171625,74.024807149503
724,105.010506,97.94999999999999,134.10721356823092,74.04903643176797
725,100.758766,99.0,134.14023636615386,74.09934696717838
726,99.23206,109.5,134.39179251446828,74.36862415219724
727,98.264206,109.5,134.64103750823372,74.64021249176514
728,98.5766,109.5,134.88796876437837,74.91411456895383
729,101.546,109.5,135.13258315972615,75.19033350693937
730,105.07045,109.5,135.37487702736644,75.46887297263241
731,105.74144,109.5,127.25176417589924,78.77948582409964
732,103.56422,109.5,127.51332389786941,79.03875943546281
733,101.61603,109.5,127.78667199781776,79.32791133551444
734,99.97253,109.5,128.056682044475,79.62040128885721
735,98.51184,109.5,128.32334938733973,79.91623394599247
736,97.378784,109.5,128.58666797999044,80.21541535334177
737,96.72791,106.0,128.70394169861677,80.34814163471543
738,96.29025,106.0,128.820552726028,80.48153060730421
739,96.13501,100.0,128.820552726028,80.48153060730421
740,95.86583,82.0,128.6579563750851,79.89412695824711
741,95.60921,83.0,128.489982475333,79.35376752466587
742,95.64131,83.0,128.49338721009758,79.52744612323463
743,95.15334,83.0,128.4170370242375,79.16629630909472
744,94.355354,83.0,128.33789485165295,78.80793848167927
745,167.69205,120.0,127.45924785595464,78.85325214404423
746,101.28574,100.0,127.08758147031435,78.59991852968452
747,98.67541,100.0,126.34818917232069,78.29764416101152
748,96.8778,100.0,125.59514945703164,78.00901720963388
749,97.62156,100.0,120.94977841861946,79.32105491471275
750,97.26233,100.0,108.64283176086863,86.62800157246359
751,96.9237,100.0,108.69700532176165,87.53216134490387
752,96.21224,100.0,108.71022920944195,88.4772707905569
753,94.534256,85.0,108.66850345904658,88.66691320761896
754,94.27493,85.0,108.62485857357763,88.8584747597546
755,94.17276,85.0,108.57922520494965,89.05202479504925
756,94.50969,87.0,108.51604860826656,89.34645139173233
757,94.544395,87.0,108.50003897072521,89.445794362607
758,191.67076,200.0,118.56837915035405,83.7837041829782
759,186.23697,200.0,125.8359403529393,80.9223929803929
760,185.48997,145.0,127.55507108081724,81.07826225251497
761,102.13823,100.0,127.55507108081724,81.07826225251497
762,106.436714,85.0,127.40216356521654,80.60616976811569
763,105.86709,100.0,127.40216356521654,80.60616976811569
764,102.21523,78.5,127.25379771851179,79.90036894815377
765,100.17999,93.0,127.169280071114,79.73488659555157
766,98.99259,93.0,127.0840217561658,79.57014491049978
767,98.346214,78.5,126.75123519690962,78.71543146975594
768,98.4704,78.5,126.57292583024851,78.03957416975038
769,99.56971,78.5,126.38449138835965,77.37384194497258
770,101.16899,78.5,126.18622495021843,76.7179417164471
771,102.33781,78.5,126.16203617192434,76.48171382807456
772,103.007385,94.5,126.10511206460323,76.39488793539564
773,103.569275,94.5,126.02851008644606,76.28398991355286
774,104.09791,94.5,125.70317525352257,75.98432474647632
775,104.730225,94.5,125.37381947213856,75.68868052786034
776,105.41598,101.99999999999999,125.18352204297454,75.56647795702435
777,106.09956,101.99999999999999,124.99217138087108,75.44532861912779
778,106.91145,101.99999999999999,124.79976300240938,75.32523699758951
779,107.79723,106.0,124.70358349674927,75.27558316991632
780,107.82397,101.99999999999999,124.5096061417544,75.15706052491117
781,107.79233,101.99999999999999,124.3145590224668,75.03960764419878
782,107.79139,101.99999999999999,124.1184370769582,74.92322958970739
783,107.500145,104.99999999999999,123.99440066089413,74.85976600577146
784,108.062416,101.99999999999999,123.79653811494505,74.74512855172054
785,140.82211,150.0,125.76958003951677,74.60541996048211
786,106.96161,78.5,125.37106146562948,73.8581052010361
787,103.52246,100.0,125.37106146562948,73.8581052010361
788,102.132515,100.0,125.61484712715315,74.36431953951241
789,100.98454,100.0,125.84638988211323,74.84111011788566
790,101.240906,100.0,126.07229216118662,75.32354117214561
791,102.39526,106.0,126.42700214155924,75.92716452510632
792,166.95256,106.0,126.77176106937503,76.54073893062386
793,163.10777,100.0,126.20977611355782,76.26939055310775
794,105.73941,104.99999999999999,126.31909023151951,76.36840976847941
795,104.24203,100.0,126.31909023151951,76.36840976847941
796,103.55037,100.0,126.31909023151951,76.36840976847941
797,187.65065,97.0,126.26377713864927,76.29872286134962
798,104.58378,80.0,126.03501084457352,75.69415582209207
799,170.87044,94.0,125.92928690005778,75.54987976660783
800,175.43275,94.0,125.82291520132259,75.40625146534299
801,173.03369,94.0,125.92512937427335,75.67903729239221
802,180.81969,94.0,126.0256189754446,75.95354769122098
803,98.6399,94.99999999999999,126.13949512498027,76.25633820835195
804,177.10933,96.0,126.25170581467209,76.51912751866013
805,98.44836,97.0,126.37870945981831,76.8087905401806
806,182.31708,97.99999999999999,119.5664915503545,79.37100844964439
807,193.47025,97.99999999999999,110.92023007288849,83.7672699271104
808,187.28558,240.0,123.09253109422464,75.55330223910761
809,181.71156,240.0,133.50236617989634,70.97680048676925
810,104.54296,98.1,133.6786137926349,71.34638620736403
811,106.5562,98.1,133.64349567262474,71.30233766070755
812,103.95299,110.0,134.11534037353476,72.14299295979751
813,102.797356,98.1,134.1948512757055,72.27598205762675
814,112.89955,106.0,134.43108272799734,72.58141727200163
815,99.534676,106.0,134.78483152853252,73.37350180479977
816,98.09801,98.1,134.97531846028642,73.99968153971258
817,97.00236,98.1,135.15861124531042,74.6330554213552
818,97.501236,98.1,135.33454815035802,75.27378518297431
819,99.23889,98.1,135.50295702547257,75.92204297452643
820,101.45687,98.1,135.55364973778202,76.021350262217
821,101.43596,98.1,135.60412943209215,76.12087056790688
822,99.7468,100.0,135.6845810586313,76.26958560803439
823,98.682,98.1,135.7345230849647,76.36964358170106
824,98.029495,98.1,135.66993395967353,76.27173270699221
825,97.606964,98.1,135.60510860843462,76.17405805823114
826,99.580376,98.1,135.54004742274185,76.07661924392394
827,175.00497,130.0,136.24444141997648,76.37222524668927
828,170.48547,130.0,137.01425897501855,76.76907435831387
829,100.54187,106.0,137.08930352166624,76.86069647833287
830,146.29195,150.0,138.7111281632443,77.23887183675485
831,169.71178,150.0,140.23661636354223,77.58838363645684
832,99.197624,98.1,140.1787271203011,77.48377287969802
833,96.74124,100.0,138.5654597633353,77.01370690333044
834,94.91828,100.0,138.73320339459653,77.74179660540257
835,94.19065,100.0,138.73320339459653,77.74179660540257
836,125.18485,139.99999999999997,139.88154546838132,78.26012119828445
837,158.71126,106.0,139.98112243091992,78.41054423574585
838,152.99059,100.0,139.98112243091992,78.41054423574585
839,142.41747,98.1,139.85508131810434,78.2074186818948
840,140.06775,98.1,139.72809569089898,78.00523764243346
841,144.93866,98.1,139.70134266345636,77.95282400320947
842,92.830475,98.1,139.59183476889632,77.77483189776952
843,157.06232,98.1,139.56482252446338,77.72267747553585
844,162.01157,100.0,139.56482252446338,77.72267747553585
845,162.85538,100.0,139.60631132506714,77.80618867493206
846,92.76086,98.1,139.7350719139339,78.43159475273197
847,158.95781,98.1,139.78325189147495,78.55424810852429
848,93.12675,98.1,139.83114283551794,78.67719049781462
849,170.70522,98.1,139.8787436805925,78.80042298607344
850,96.7972,98.1,139.92605334768692,78.92394665231235
851,96.39801,98.1,139.96271233761104,79.01645432905491
852,93.99466,98.1,139.98818539640683,79.07848127025912
853,181.91785,104.99999999999999,140.10665520655564,79.29334479344364
854,99.08451,98.1,140.107923264992,79.29624340167396
855,99.0879,98.1,140.10919115578182,79.29914217755083
856,99.29338,98.1,130.35283852614788,83.1429948071848
857,104.59022,104.99999999999999,117.02698435364992,90.84384897968279
858,112.98019,93.0,116.98961609202186,90.6687172413108
859,108.27861,93.0,116.95101763170172,90.49481570163091
860,106.01429,93.0,116.65267335419658,90.08482664580272
861,105.62034,93.0,116.60970665649685,89.91529334350247
862,104.95541,93.0,116.413827340807,89.56950599252562
863,103.42516,93.0,116.21198028600601,89.22968638065994
864,100.9555,93.0,116.16285777134004,89.0663088953259
865,98.482735,93.0,116.11264793884891,88.90401872781705
866,97.37561,93.0,116.061364171412,88.74280249525391
867,96.63798,93.0,116.00901938291805,88.58264728374786
868,96.448746,93.0,115.9556260376441,88.4235406290218
869,97.07253,93.0,115.9011961685424,88.26547049812345
870,99.58029,93.0,115.81462989208764,88.06037010791157
871,101.39673,100.0,115.84574139450704,88.10842527215881
872,101.360535,100.0,115.87673226676519,88.15660106656729
873,99.70889,94.99999999999999,115.8379860205566,88.06618064610922
874,98.59638,100.0,115.86906039664731,88.11427293668514
875,98.26315,97.0,114.56835551005541,88.03997782327706
876,99.267586,94.94999999999999,113.17288597081779,87.975030695848
877,99.759346,100.0,113.02264535322313,87.87527131344268
878,99.021835,94.94999999999999,109.5566980616533,89.04746860501253
879,97.48804,100.0,105.28697690324016,91.23385643009227
880,95.41753,100.0,105.33098764281185,91.26901235718724
881,93.613205,100.0,105.33098764281185,91.26901235718724
882,93.107925,100.0,105.33098764281185,91.26901235718724
883,92.6704,100.0,105.33098764281185,91.26901235718724
884,92.78401,150.0,106.83076094898544,90.18590571768034
885,92.63139,150.0,110.54359186703549,88.30640813296363
886,92.50979,100.0,110.54359186703549,88.30640813296363
887,92.435005,100.0,110.5817397044323,88.34742696223347
888,90.87965,97.0,110.56282884632552,88.3205044870069
889,163.02666,100.0,110.6009164240571,88.36158357594195
890,162.48499,97.99999999999999,110.59910674632583,88.35922658700653
891,155.34204,97.99999999999999,110.59729666325062,88.35687000341508
892,152.25598,97.99999999999999,110.55737576972507,88.31345756360729
893,156.47083,97.99999999999999,110.51729520726406,88.27020479273497
894,93.659676,79.0,110.50170063088319,87.48996603578247
895,156.613,97.99999999999999,110.49979200665452,87.48770799334447
896,92.09517,76.75,110.49455526798715,86.60336139867849
897,152.9595,97.99999999999999,110.49256061948358,86.60118938051541
898,94.091644,75.0,110.48559072203638,85.6456592779626
899,95.06525,73.65,110.46647860598908,84.64602139400985
900,91.28145,73.65,110.40960264168754,83.68414735831135
901,89.505615,75.0,110.10250234285259,82.7412476571463
902,168.96727,97.99999999999999,110.10016563340795,82.73941769992427
903,95.702614,72.0,109.99972401747335,81.75235931585883
904,94.86681,74.0,109.84108905202099,80.90682761464457
905,186.47116,110.0,110.03376990280522,80.92248009719363
906,97.332726,83.0,109.93282863540165,80.60675469793054
907,99.18498,83.0,109.82810505065372,80.29481161601181
908,99.97814,83.0,109.7196782292976,79.98657177070125
909,174.95822,97.99999999999999,109.82810053296505,80.08648280036714
910,101.1128,99.0,109.96151282556559,80.20307050776661
911,100.80569,99.0,110.09384846665421,80.320734866678
912,102.99277,99.0,110.22510904718494,80.43947428614725
913,133.91653,99.0,110.35529592247431,80.55928741085788
914,142.49484,107.0,110.73461633355738,80.76330033310816
915,149.49661,99.0,110.8612223931126,80.88669427355293
916,140.32346,99.0,110.98676362302822,81.01115304363731
917,105.36354,99.0,111.11124013866562,81.13667652799991
918,104.69055,99.0,111.23465182844612,81.2632648382194
919,111.03731,107.0,111.45165636098741,81.3379269723448
920,110.20927,97.99999999999999,111.40256623598215,81.30368376401668
921,99.98919,100.0,111.514469885458,81.4001134478742
922,98.392555,92.0,111.35203001005743,81.22921998994144
923,96.88744,92.0,111.26013815477219,81.11277851189334
924,96.35118,92.0,111.20983809740282,81.04016190259604
925,95.64614,100.0,111.20983809740282,81.04016190259604
926,94.371254,100.0,111.3242847379428,81.13613192872272
927,93.37033,66.0,111.22092940384407,79.8228205961548
928,92.11854,100.0,111.22092940384407,79.8228205961548
929,91.46564,100.0,111.22092940384407,79.8228205961548
930,91.77638,100.0,111.22092940384407,79.8228205961548
931,91.33922,100.0,111.22092940384407,79.8228205961548
932,89.711655,100.0,107.99437638959469,80.96604027707085
933,136.11784,106.0,104.47290100769138,82.65418232564082
934,90.73082,93.0,104.28590559217692,82.54951107448859
935,132.34598,100.0,104.28590559217692,82.54951107448859
936,93.01306,73.49999999999999,104.15490674383926,81.70134325615962
937,92.36176,96.0,104.03274224990042,81.65684108343177
938,89.855606,96.0,103.97518078447685,81.63106921552203
939,87.9608,96.0,103.91743774129,81.60547892537555
940,146.19684,97.99999999999999,103.91743774129,81.60547892537555
941,148.94408,97.99999999999999,103.91743774129,81.60547892537555
942,94.12674,96.0,104.09385857222624,82.13739142777263
943,93.09134,96.0,104.03704431358213,82.11087235308342
944,89.62949,96.0,104.17722188103123,82.77277811896765
945,89.21391,96.0,104.12144729891108,82.74521936775444
946,88.52961,96.0,104.212542075879,83.52912459078651
947,88.98614,96.0,104.24233311924479,84.43058354742077
948,89.00748,96.0,104.22858489737722,85.37558176928836
949,89.61134,96.0,104.20345264371024,86.27571402295533
950,87.754074,96.0,104.15332605255388,86.24250728077837
951,153.46968,97.99999999999999,104.02311582016077,87.45605084650482
952,161.5921,120.0,105.07324745293847,88.32258588039377
953,96.55832,100.0,104.64856844913656,88.33059821752902
954,96.99763,79.0,104.72481181945005,88.08768818054884
955,164.38257,110.0,105.2743532419142,88.66314675808468
956,99.98482,79.0,105.35264987001577,88.41818346331645
957,99.0069,81.0,105.30100353855455,87.76149646144434
958,98.35255,81.0,105.19879497805691,87.11370502194201
959,98.24631,81.0,105.07315121508086,86.48934878491806
960,99.32806,81.0,104.92591399926522,85.88658600073367
961,99.31471,81.0,104.75860026019105,85.30389973980786
962,99.285675,81.0,104.26008256014757,84.71908410651801
963,99.099075,139.0,107.00509512100668,83.64073821232556
964,99.73778,94.79999999999998,106.90519012582098,83.56564320751126
965,100.54858,94.79999999999998,106.80460116265637,83.49123217067589
966,101.39059,94.79999999999998,106.70332592476184,83.41750740857043
967,102.05093,94.79999999999998,106.31536583657741,83.29713416342153
968,102.319466,139.0,108.81536460047363,82.50546873285866
969,102.52527,94.79999999999998,108.69193646217596,82.41223020448966
970,102.49576,94.79999999999998,108.74037655352595,82.48045677980633
971,102.40412,96.0,108.81299696607144,82.5745030339275
972,102.64572,97.99999999999999,108.93063605237215,82.7068639476268
973,103.261475,97.99999999999999,108.87857325318195,82.67559341348365
974,103.394165,100.0,108.87857325318195,82.67559341348365
975,102.90042,100.0,108.84060318345287,84.13023014987941
976,102.08548,100.0,108.84060318345287,84.13023014987941
977,101.06627,100.0,108.84060318345287,84.13023014987941
978,100.32922,100.0,108.84060318345287,84.13023014987941
979,99.87283,100.0,108.84060318345287,84.13023014987941
980,99.75199,100.0,108.84060318345287,84.13023014987941
981,99.168396,100.0,108.64745774844982,84.07337558488246
982,98.17913,106.0,108.98573331489628,84.27676668510267
983,95.94427,106.0,109.17572520473504,84.33677479526389
984,154.67035,97.0,109.18284814836821,85.30881851829743
985,155.2911,97.0,109.2023334617518,85.33099987158047
986,140.70425,220.0,121.20672697848043,78.49327302151849
987,147.06229,110.0,121.54025315141865,78.74308018191363
988,157.10396,110.0,121.83475148495093,78.94858184838135
989,167.58765,180.0,126.42167407450684,77.77832592549211
990,93.05806,113.41253173719086,130.621992351474,77.07800764852493
991,171.10794,180.0,134.5081303442352,76.69186965576372
992,92.26798,73.0,134.3799614477095,75.86170521895613
993,177.6476,160.0,136.7294072938648,76.17892603946746
994,186.6984,160.0,138.98770202470274,76.5872979752962
995,98.432755,79.0,138.8658096496399,76.00085701702572
996,100.30768,100.0,138.9234780523793,76.10985528095304
997,180.17899,240.0,147.22930193916866,73.80403139416363
998,177.89774,220.0,152.99426450537467,73.20573549462425
999,98.92624,106.0,153.1131878225495,73.42014551078279
1000,149.09618,145.0,153.88649253256776,73.68850746743118
1001,102.04729,113.41253173719086,155.0203484459713,74.42965155402763
1002,100.41469,113.41253173719086,156.27624999709462,75.92375000290428
1003,98.80086,100.0,156.12610641476346,75.6572269185688
1004,98.15198,113.41253173719086,156.26700111680475,76.39133221652753
1005,99.34808,100.0,156.39851064385115,77.05148935614778
1006,100.80156,81.5,156.39941228937374,77.07142104395855
1007,101.98593,99.0,156.5135985210231,77.70723481230914
1008,101.96647,81.5,156.5143307896805,77.72733587698511
1009,101.155556,81.5,156.5150578632294,77.74744213676954
1010,100.22709,81.5,156.51577973783444,77.76755359549784
1011,99.44642,81.5,155.51290253636438,76.3745974636346
1012,99.31326,81.5,155.43310356444968,75.90022976888255
1013,99.53158,81.5,155.3503685767287,75.42879808993689
1014,99.77563,81.5,155.26474020669684,74.96025979330206
1015,100.14707,110.0,155.4776052014869,75.38072813184533
1016,100.6666,100.0,154.5722341871736,74.66109914615866
1017,104.16205,110.0,154.78861053180026,75.07805613486529
1018,152.80087,110.0,155.00215770939297,75.4978422906059
1019,162.92433,150.0,156.33435434912906,76.41564565086983
1020,104.78343,110.0,156.50440597947585,76.74559402052304
1021,143.8869,139.99999999999997,157.42279783824395,77.5772021617549
1022,178.3876,139.99999999999997,158.30051845468103,78.36614821198452
1023,168.63568,250.0,165.6069982047462,77.30966846191939
1024,104.93973,110.0,165.7354394835707,77.59789384976156
1025,100.700386,110.0,165.86272797912162,77.88727202087723
1026,97.475525,101.5,165.87863691689887,77.93386308310004
1027,96.24642,101.5,165.89451781164033,77.9804821883586
1028,95.40487,101.5,165.9103706339208,78.02712936607806
1029,94.52265,101.5,165.92619535422025,78.07380464577868
1030,93.68524,100.0,165.85619762671428,77.89380237328463
1031,92.984276,100.0,165.7857688268237,77.71423117317521
1032,92.52584,100.0,165.81450974616243,77.81049025383645
1033,91.82552,110.0,165.96922663864183,78.19744002802376
1034,90.94608,110.0,161.26119320369054,78.32214012964171
1035,88.920845,74.0,161.01453446486371,77.06879886846852
1036,113.13814,145.0,161.8870552968656,77.65461136979994
1037,91.494095,99.0,159.34912119963008,76.81754546703546
1038,89.51409,73.0,156.59073060918925,75.11760272414298
1039,87.71151,79.0,153.7036966041903,73.79630339580856
1040,87.027145,79.0,153.70769532708704,74.04230467291187
1041,85.91891,79.0,151.7393277007189,72.63567229928003
1042,85.022,73.49999999999999,149.68219250529404,71.08864082803821
1043,84.564644,113.41253173719086,149.66895921127715,70.87270745538842
1044,82.60926,113.41253173719086,149.44814131894344,69.98935868105544
1045,149.00761,180.0,144.81144604542763,72.12605395457126
1046,164.92099,180.0,141.7570295191061,73.51380381422608
1047,163.0223,220.0,147.78740639604368,72.23342693728853
1048,91.55064,100.0,146.520041031913,71.62579230141924
1049,146.48277,145.0,146.520041031913,71.62579230141924
1050,94.48553,99.0,145.20966524387282,71.0195014227928
1051,149.88684,145.0,146.50464049729538,71.59952616937022
1052,98.63171,110.0,146.6893549510819,71.83147838225031
1053,98.47108,79.0,146.48441142000877,71.1614219133235
1054,98.71931,99.0,146.66311263745354,71.71188736254537
1055,101.63185,99.0,146.66311263745354,71.71188736254537
1056,102.413605,97.99999999999999,146.8227136073458,72.23978639265306
1057,101.621414,100.0,147.0073165943238,72.82601673900844
1058,100.12974,100.0,147.1867136420874,73.4174530245782
1059,99.28661,92.49999999999999,147.26699499184215,73.79550500815674
1060,99.34582,100.0,147.43776714489866,74.39556618843358
1061,99.60538,106.0,147.698663789086,75.15550287757958
1062,102.71942,100.0,147.85689121829003,75.76810878170886
1063,124.88358,100.0,147.68813468885378,75.52019864447844
1064,125.41547,97.99999999999999,147.6613042767629,75.46369572323594
1065,137.00996,100.0,147.49101624106086,75.21731709227137
1066,137.25453,107.0,147.43350211400968,75.14983121932256
1067,130.04594,150.0,147.43350211400968,75.14983121932256
1068,121.83767,158.0,149.05569761582234,75.52763571750991
1069,104.54224,158.0,149.80919452740596,75.52413880592627
1070,100.98535,158.0,150.55504489495422,75.52828843837801
1071,99.40706,100.0,141.5679133789053,78.26541995442693
1072,104.65326,225.0,148.05785009187574,76.56714990812316
1073,109.072075,250.0,156.12276996570847,74.33556336762376
1074,128.71208,139.99999999999997,157.02728071729902,75.03521928269984
1075,99.45356,83.15,156.86832670159362,74.42958996507194
1076,97.727,100.0,156.8485988000494,74.38681786661616
1077,95.1593,100.0,156.8288434971122,74.34407316955334
1078,93.44491,113.41253173719086,156.8288434971122,74.34407316955334
1079,91.87946,100.0,156.8288434971122,74.34407316955334
1080,90.407,92.49999999999999,156.74704038267166,74.11337628399389
1081,129.24434,120.0,156.95262179652326,74.32446153680898
1082,93.78489,93.0,156.72050652002736,73.84824347997153
1083,92.69454,94.99999999999999,156.822338198512,74.6214118014869
1084,89.857925,93.0,155.63605098330322,73.64103235002902
1085,88.86706,93.0,155.56885300779086,73.45823032554141
1086,88.50733,93.0,155.65540015474903,74.2050165119165
1087,88.50035,93.0,155.73384053770238,74.70990946229651
1088,88.38762,93.0,155.80899669201185,75.21808664132037
1089,88.50204,93.0,155.88081538807418,75.7296012785913
1090,88.74441,93.0,155.9464785799305,76.47643808673504
1091,89.29179,93.0,156.00491801014525,77.2304986565203
1092,89.996994,93.0,156.05594056827718,77.9919760983883
1093,90.849335,93.0,153.26455007952788,77.15836658713766
1094,92.07298,93.0,150.35663465797046,76.44128200869508
1095,93.83932,93.0,144.3059404734604,77.20030952653846
1096,96.09216,99.0,144.2922356373686,77.17234769596362
1097,176.96716,139.99999999999997,144.0870501303286,77.16919986967025
1098,100.67199,109.0,144.25254526631215,77.42037140035339
1099,134.36052,139.99999999999997,144.0472561810294,77.4173271523028
1100,104.4527,100.0,143.87484748792352,77.17306917874204
1101,105.83277,100.0,144.02652995970485,77.89638670696071
1102,120.32697,110.0,144.2091170081756,78.17213299182326
1103,117.36077,99.0,144.2091170081756,78.17213299182326
1104,105.72166,100.0,144.23504217998467,78.22954115334755
1105,105.78134,85.0,144.1016931992289,77.73789013410338
1106,110.23524,99.0,144.08817487479152,77.70974179187402
1107,108.011185,103.0,144.2175596693377,78.01785699732787
1108,105.273285,97.0,144.1793225159116,77.93109415075395
1109,110.22105,100.0,144.08511192043258,77.77530474623299
1110,110.39146,97.99999999999999,144.05872700982738,77.71835632350488
1111,113.02533,97.99999999999999,144.0322816334907,77.66146836650819
1112,113.16456,97.99999999999999,144.0322816334907,77.66146836650819
1113,115.11287,100.0,144.0322816334907,77.66146836650819
1114,114.67357,97.99999999999999,143.89237042182026,77.42637957817865
1115,114.127815,139.99999999999997,143.46277634618173,77.4393069871505
1116,114.030396,150.0,143.0703640875875,77.49838591241138
1117,114.40923,225.0,147.79782462148174,75.56259204518378
1118,115.71518,158.0,147.79782462148174,75.56259204518378
1119,117.39079,158.0,149.5728406438082,76.20424268952405
1120,119.12871,250.0,151.85448045755962,74.96426954243923
1121,120.707634,250.0,151.85448045755962,74.96426954243923
1122,126.64795,150.0,152.23667551981674,74.99874114684876
1123,106.71533,100.0,152.3809054134873,75.55659458651157
1124,104.56041,97.0,152.34404947123346,75.46845052876544
1125,102.048195,80.0,152.18884518555822,74.79032148110736
1126,100.28181,80.0,152.02733487172145,74.1184984616108
1127,99.460236,78.7,151.85604064157368,73.40229269175853
1128,97.51674,97.0,151.90601245511405,73.53982087821818
1129,95.08552,97.0,151.47656250594875,73.01093749405015
1130,93.04021,110.0,151.72991635773744,73.46591697559478
1131,91.33422,110.0,151.95869687279102,73.8621364605412
1132,90.354774,110.0,152.20538122253294,74.32378544413261
1133,89.9726,110.0,152.44846913065072,74.78903086934817
1134,88.553734,110.0,152.6879296410826,75.25790369224961
1135,150.50885,220.0,158.11007519561917,75.12742480437977
1136,91.48613,110.0,158.33068492810253,75.61514840522969
1137,88.8916,110.0,158.5477543488674,76.1064123177982
1138,166.24258,180.0,161.17253767734508,77.10662898932047
1139,91.948296,110.0,161.37310766464796,77.61439233535093
1140,92.20172,110.0,161.57004197503846,78.12579135829375
1141,89.24579,110.0,161.76329934559274,78.6408673210728
1142,88.745766,110.0,161.95283689933441,79.1596631006645
1143,88.43793,85.0,161.91537762208003,78.86378904458553
1144,89.38969,85.0,161.8258168671452,78.37001646618705
1145,90.35077,85.0,160.8765290005428,77.02763766612277
1146,91.74589,85.0,160.64003154476018,76.26413512190537
1147,92.82629,77.0,159.6218586840121,74.65730798265348
1148,94.20506,77.0,159.4685871911324,73.85224614219982
1149,95.65801,77.0,159.3074164967034,73.05508350329549
1150,96.68805,77.0,158.98206785540657,72.00543214459232
1151,97.40613,77.0,158.81621246428801,71.25462086904423
